"","Year","GDP","MED","POP","COW","TGE","Economic Sectors","EC","IPCC Sector","IPC"
"1",1990,5963.14,29940,249464396,99.3,6487.3,"Transportation",1521.4,"Energy",5368
"2",1990,5963.14,29940,249464396,99.3,6487.3,"Transportation",1521.4,"Industrial Processes and Product Use",335.4
"3",1990,5963.14,29940,249464396,99.3,6487.3,"Transportation",1521.4,"Agriculture",548
"4",1990,5963.14,29940,249464396,99.3,6487.3,"Transportation",1521.4,"Waste",236
"5",1991,6158.13,30130,252153092,99.4,6418.4,"Transportation",1474.8,"Energy",5321
"6",1991,6158.13,30130,252153092,99.4,6418.4,"Transportation",1474.8,"Industrial Processes and Product Use",317.3
"7",1991,6158.13,30130,252153092,99.4,6418.4,"Transportation",1474.8,"Agriculture",540.7
"8",1991,6158.13,30130,252153092,99.4,6418.4,"Transportation",1474.8,"Waste",239.3
"9",1992,6520.33,30640,255029699,100.1,6534.9,"Transportation",1533.8,"Energy",5428.4
"10",1992,6520.33,30640,255029699,100.1,6534.9,"Transportation",1533.8,"Industrial Processes and Product Use",322.8
"11",1992,6520.33,30640,255029699,100.1,6534.9,"Transportation",1533.8,"Agriculture",543.7
"12",1992,6520.33,30640,255029699,100.1,6534.9,"Transportation",1533.8,"Waste",239.9
"13",1993,6858.56,31240,257782608,100.9,6639.5,"Transportation",1570.2,"Energy",5517.5
"14",1993,6858.56,31240,257782608,100.9,6639.5,"Transportation",1570.2,"Industrial Processes and Product Use",322.2
"15",1993,6858.56,31240,257782608,100.9,6639.5,"Transportation",1570.2,"Agriculture",561.7
"16",1993,6858.56,31240,257782608,100.9,6639.5,"Transportation",1570.2,"Waste",238.1
"17",1994,7287.24,32260,260327021,101.7,6745.2,"Transportation",1624.6,"Energy",5606.3
"18",1994,7287.24,32260,260327021,101.7,6745.2,"Transportation",1624.6,"Industrial Processes and Product Use",333.9
"19",1994,7287.24,32260,260327021,101.7,6745.2,"Transportation",1624.6,"Agriculture",566.2
"20",1994,7287.24,32260,260327021,101.7,6745.2,"Transportation",1624.6,"Waste",238.8
"21",1995,7639.75,34080,262803276,103.3,6821.9,"Transportation",1659.2,"Energy",5653.8
"22",1995,7639.75,34080,262803276,103.3,6821.9,"Transportation",1659.2,"Industrial Processes and Product Use",362.3
"23",1995,7639.75,34080,262803276,103.3,6821.9,"Transportation",1659.2,"Agriculture",572.2
"24",1995,7639.75,34080,262803276,103.3,6821.9,"Transportation",1659.2,"Waste",233.6
"25",1996,8073.12,35490,265228572,103.8,7023.5,"Transportation",1714.6,"Energy",5841.7
"26",1996,8073.12,35490,265228572,103.8,7023.5,"Transportation",1714.6,"Industrial Processes and Product Use",374.1
"27",1996,8073.12,35490,265228572,103.8,7023.5,"Transportation",1714.6,"Agriculture",577.5
"28",1996,8073.12,35490,265228572,103.8,7023.5,"Transportation",1714.6,"Waste",230.2
"29",1997,8577.55,37010,267783607,101.2,7079.2,"Transportation",1740.5,"Energy",5912.7
"30",1997,8577.55,37010,267783607,101.2,7079.2,"Transportation",1740.5,"Industrial Processes and Product Use",379.7
"31",1997,8577.55,37010,267783607,101.2,7079.2,"Transportation",1740.5,"Agriculture",566.8
"32",1997,8577.55,37010,267783607,101.2,7079.2,"Transportation",1740.5,"Waste",220
"33",1998,9062.82,38890,270248003,99.5,7124.7,"Transportation",1782.7,"Energy",5953.6
"34",1998,9062.82,38890,270248003,99.5,7124.7,"Transportation",1782.7,"Industrial Processes and Product Use",386.1
"35",1998,9062.82,38890,270248003,99.5,7124.7,"Transportation",1782.7,"Agriculture",575
"36",1998,9062.82,38890,270248003,99.5,7124.7,"Transportation",1782.7,"Waste",210
"37",1999,9631.17,40700,272690813,98.5,7169.9,"Transportation",1853.7,"Energy",6012.1
"38",1999,9631.17,40700,272690813,98.5,7169.9,"Transportation",1853.7,"Industrial Processes and Product Use",382.4
"39",1999,9631.17,40700,272690813,98.5,7169.9,"Transportation",1853.7,"Agriculture",571.7
"40",1999,9631.17,40700,272690813,98.5,7169.9,"Transportation",1853.7,"Waste",203.6
"41",2000,10250.95,41990,282162411,98,7369.2,"Transportation",1903.8,"Energy",6222.8
"42",2000,10250.95,41990,282162411,98,7369.2,"Transportation",1903.8,"Industrial Processes and Product Use",381
"43",2000,10250.95,41990,282162411,98,7369.2,"Transportation",1903.8,"Agriculture",565
"44",2000,10250.95,41990,282162411,98,7369.2,"Transportation",1903.8,"Waste",200.4
"45",2001,10581.93,42230,284968955,97.3,7253.5,"Transportation",1875.5,"Energy",6139.4
"46",2001,10581.93,42230,284968955,97.3,7253.5,"Transportation",1875.5,"Industrial Processes and Product Use",345.9
"47",2001,10581.93,42230,284968955,97.3,7253.5,"Transportation",1875.5,"Agriculture",573.1
"48",2001,10581.93,42230,284968955,97.3,7253.5,"Transportation",1875.5,"Waste",195.1
"49",2002,10929.11,42410,287625193,96.7,7293.3,"Transportation",1916.3,"Energy",6168.1
"50",2002,10929.11,42410,287625193,96.7,7293.3,"Transportation",1916.3,"Industrial Processes and Product Use",354
"51",2002,10929.11,42410,287625193,96.7,7293.3,"Transportation",1916.3,"Agriculture",577.2
"52",2002,10929.11,42410,287625193,96.7,7293.3,"Transportation",1916.3,"Waste",194
"53",2003,11456.45,43320,290107933,96.1,7352.7,"Transportation",1923.8,"Energy",6236.9
"54",2003,11456.45,43320,290107933,96.1,7352.7,"Transportation",1923.8,"Industrial Processes and Product Use",342.1
"55",2003,11456.45,43320,290107933,96.1,7352.7,"Transportation",1923.8,"Agriculture",576.7
"56",2003,11456.45,43320,290107933,96.1,7352.7,"Transportation",1923.8,"Waste",197
"57",2004,12217.2,44330,292805298,94.9,7464.4,"Transportation",1956.3,"Energy",6335.1
"58",2004,12217.2,44330,292805298,94.9,7464.4,"Transportation",1956.3,"Industrial Processes and Product Use",355.2
"59",2004,12217.2,44330,292805298,94.9,7464.4,"Transportation",1956.3,"Agriculture",579.4
"60",2004,12217.2,44330,292805298,94.9,7464.4,"Transportation",1956.3,"Waste",194.7
"61",2005,13039.2,46330,295516599,95.8,7477.4,"Transportation",1966,"Energy",6351.5
"62",2005,13039.2,46330,295516599,95.8,7477.4,"Transportation",1966,"Industrial Processes and Product Use",356.1
"63",2005,13039.2,46330,295516599,95.8,7477.4,"Transportation",1966,"Agriculture",577.7
"64",2005,13039.2,46330,295516599,95.8,7477.4,"Transportation",1966,"Waste",192.1
"65",2006,13815.58,48200,298379912,97.1,7407.9,"Transportation",1966.4,"Energy",6277.9
"66",2006,13815.58,48200,298379912,97.1,7407.9,"Transportation",1966.4,"Industrial Processes and Product Use",365.3
"67",2006,13815.58,48200,298379912,97.1,7407.9,"Transportation",1966.4,"Agriculture",574.7
"68",2006,13815.58,48200,298379912,97.1,7407.9,"Transportation",1966.4,"Waste",190
"69",2007,14474.23,50230,301231207,97,7511.4,"Transportation",1967.2,"Energy",6347.9
"70",2007,14474.23,50230,301231207,97,7511.4,"Transportation",1967.2,"Industrial Processes and Product Use",381.7
"71",2007,14474.23,50230,301231207,97,7511.4,"Transportation",1967.2,"Agriculture",594
"72",2007,14474.23,50230,301231207,97,7511.4,"Transportation",1967.2,"Waste",187.7
"73",2008,14478.07,50300,304093966,96.7,7294.5,"Transportation",1863.5,"Energy",6162.9
"74",2008,14478.07,50300,304093966,96.7,7294.5,"Transportation",1863.5,"Industrial Processes and Product Use",360.2
"75",2008,14478.07,50300,304093966,96.7,7294.5,"Transportation",1863.5,"Agriculture",586.2
"76",2008,14478.07,50300,304093966,96.7,7294.5,"Transportation",1863.5,"Waste",185.3
"77",2009,14769.86,49780,306771529,94.5,6840.7,"Transportation",1789.1,"Energy",5760
"78",2009,14769.86,49780,306771529,94.5,6840.7,"Transportation",1789.1,"Industrial Processes and Product Use",312.9
"79",2009,14769.86,49780,306771529,94.5,6840.7,"Transportation",1789.1,"Agriculture",585.7
"80",2009,14769.86,49780,306771529,94.5,6840.7,"Transportation",1789.1,"Waste",182.1
"81",2010,15048.97,49280,309327143,93.7,7058.2,"Transportation",1795.2,"Energy",5932.1
"82",2010,15048.97,49280,309327143,93.7,7058.2,"Transportation",1795.2,"Industrial Processes and Product Use",352
"83",2010,15048.97,49280,309327143,93.7,7058.2,"Transportation",1795.2,"Agriculture",591
"84",2010,15048.97,49280,309327143,93.7,7058.2,"Transportation",1795.2,"Waste",183.1
"85",2011,15599.73,50050,311583481,92.6,6907.2,"Transportation",1762.3,"Energy",5783.7
"86",2011,15599.73,50050,311583481,92.6,6907.2,"Transportation",1762.3,"Industrial Processes and Product Use",367
"87",2011,15599.73,50050,311583481,92.6,6907.2,"Transportation",1762.3,"Agriculture",582.4
"88",2011,15599.73,50050,311583481,92.6,6907.2,"Transportation",1762.3,"Waste",174.1
"89",2012,16253.97,51020,313877662,90.8,6670.5,"Transportation",1743.5,"Energy",5564.1
"90",2012,16253.97,51020,313877662,90.8,6670.5,"Transportation",1743.5,"Industrial Processes and Product Use",357.2
"91",2012,16253.97,51020,313877662,90.8,6670.5,"Transportation",1743.5,"Agriculture",572.6
"92",2012,16253.97,51020,313877662,90.8,6670.5,"Transportation",1743.5,"Waste",176.6
"93",2013,16880.68,53590,316059947,89.3,6841.7,"Transportation",1746.6,"Energy",5714.1
"94",2013,16880.68,53590,316059947,89.3,6841.7,"Transportation",1746.6,"Industrial Processes and Product Use",357.2
"95",2013,16880.68,53590,316059947,89.3,6841.7,"Transportation",1746.6,"Agriculture",597.5
"96",2013,16880.68,53590,316059947,89.3,6841.7,"Transportation",1746.6,"Waste",172.8
"97",2014,17608.14,53660,318386329,87.7,6898.5,"Transportation",1780.8,"Energy",5754.1
"98",2014,17608.14,53660,318386329,87.7,6898.5,"Transportation",1780.8,"Industrial Processes and Product Use",368.7
"99",2014,17608.14,53660,318386329,87.7,6898.5,"Transportation",1780.8,"Agriculture",603
"100",2014,17608.14,53660,318386329,87.7,6898.5,"Transportation",1780.8,"Waste",172.7
"101",2015,18295.02,56520,320738994,89.8,6737.4,"Transportation",1789.1,"Energy",5596.8
"102",2015,18295.02,56520,320738994,89.8,6737.4,"Transportation",1789.1,"Industrial Processes and Product Use",363.9
"103",2015,18295.02,56520,320738994,89.8,6737.4,"Transportation",1789.1,"Agriculture",604.9
"104",2015,18295.02,56520,320738994,89.8,6737.4,"Transportation",1789.1,"Waste",171.7
"105",2016,18804.91,59040,323071755,92,6578.4,"Transportation",1824.1,"Energy",5450.8
"106",2016,18804.91,59040,323071755,92,6578.4,"Transportation",1824.1,"Industrial Processes and Product Use",357.6
"107",2016,18804.91,59040,323071755,92,6578.4,"Transportation",1824.1,"Agriculture",601.8
"108",2016,18804.91,59040,323071755,92,6578.4,"Transportation",1824.1,"Waste",168.3
"109",2017,19612.1,61140,325122128,93.6,6561.8,"Transportation",1841.6,"Energy",5418.7
"110",2017,19612.1,61140,325122128,93.6,6561.8,"Transportation",1841.6,"Industrial Processes and Product Use",359.1
"111",2017,19612.1,61140,325122128,93.6,6561.8,"Transportation",1841.6,"Agriculture",613.1
"112",2017,19612.1,61140,325122128,93.6,6561.8,"Transportation",1841.6,"Waste",170.9
"113",2018,20656.52,63180,326838199,94.4,6754.8,"Transportation",1871.3,"Energy",5589.5
"114",2018,20656.52,63180,326838199,94.4,6754.8,"Transportation",1871.3,"Industrial Processes and Product Use",362.2
"115",2018,20656.52,63180,326838199,94.4,6754.8,"Transportation",1871.3,"Agriculture",629.5
"116",2018,20656.52,63180,326838199,94.4,6754.8,"Transportation",1871.3,"Waste",173.7
"117",2019,21322.95,68700,328329953,94.8,6617.9,"Transportation",1874.3,"Energy",5460.6
"118",2019,21322.95,68700,328329953,94.8,6617.9,"Transportation",1874.3,"Industrial Processes and Product Use",366.8
"119",2019,21322.95,68700,328329953,94.8,6617.9,"Transportation",1874.3,"Agriculture",614.5
"120",2019,21322.95,68700,328329953,94.8,6617.9,"Transportation",1874.3,"Waste",176
"121",2020,21521.4,68010,331511512,94.4,6026,"Transportation",1624.9,"Energy",4894
"122",2020,21521.4,68010,331511512,94.4,6026,"Transportation",1624.9,"Industrial Processes and Product Use",363.2
"123",2020,21521.4,68010,331511512,94.4,6026,"Transportation",1624.9,"Agriculture",597.3
"124",2020,21521.4,68010,331511512,94.4,6026,"Transportation",1624.9,"Waste",171.5
"125",2021,23594.03,70780,332031554,93.6,6340.2,"Transportation",1804.3,"Energy",5196.6
"126",2021,23594.03,70780,332031554,93.6,6340.2,"Transportation",1804.3,"Industrial Processes and Product Use",376.4
"127",2021,23594.03,70780,332031554,93.6,6340.2,"Transportation",1804.3,"Agriculture",598.1
"128",2021,23594.03,70780,332031554,93.6,6340.2,"Transportation",1804.3,"Waste",169.2
"129",1990,5963.14,29940,249464396,99.3,6487.3,"Electric Power Industry",1879.7,"Energy",5368
"130",1990,5963.14,29940,249464396,99.3,6487.3,"Electric Power Industry",1879.7,"Industrial Processes and Product Use",335.4
"131",1990,5963.14,29940,249464396,99.3,6487.3,"Electric Power Industry",1879.7,"Agriculture",548
"132",1990,5963.14,29940,249464396,99.3,6487.3,"Electric Power Industry",1879.7,"Waste",236
"133",1991,6158.13,30130,252153092,99.4,6418.4,"Electric Power Industry",1874,"Energy",5321
"134",1991,6158.13,30130,252153092,99.4,6418.4,"Electric Power Industry",1874,"Industrial Processes and Product Use",317.3
"135",1991,6158.13,30130,252153092,99.4,6418.4,"Electric Power Industry",1874,"Agriculture",540.7
"136",1991,6158.13,30130,252153092,99.4,6418.4,"Electric Power Industry",1874,"Waste",239.3
"137",1992,6520.33,30640,255029699,100.1,6534.9,"Electric Power Industry",1889.2,"Energy",5428.4
"138",1992,6520.33,30640,255029699,100.1,6534.9,"Electric Power Industry",1889.2,"Industrial Processes and Product Use",322.8
"139",1992,6520.33,30640,255029699,100.1,6534.9,"Electric Power Industry",1889.2,"Agriculture",543.7
"140",1992,6520.33,30640,255029699,100.1,6534.9,"Electric Power Industry",1889.2,"Waste",239.9
"141",1993,6858.56,31240,257782608,100.9,6639.5,"Electric Power Industry",1964.6,"Energy",5517.5
"142",1993,6858.56,31240,257782608,100.9,6639.5,"Electric Power Industry",1964.6,"Industrial Processes and Product Use",322.2
"143",1993,6858.56,31240,257782608,100.9,6639.5,"Electric Power Industry",1964.6,"Agriculture",561.7
"144",1993,6858.56,31240,257782608,100.9,6639.5,"Electric Power Industry",1964.6,"Waste",238.1
"145",1994,7287.24,32260,260327021,101.7,6745.2,"Electric Power Industry",1989.1,"Energy",5606.3
"146",1994,7287.24,32260,260327021,101.7,6745.2,"Electric Power Industry",1989.1,"Industrial Processes and Product Use",333.9
"147",1994,7287.24,32260,260327021,101.7,6745.2,"Electric Power Industry",1989.1,"Agriculture",566.2
"148",1994,7287.24,32260,260327021,101.7,6745.2,"Electric Power Industry",1989.1,"Waste",238.8
"149",1995,7639.75,34080,262803276,103.3,6821.9,"Electric Power Industry",2005.6,"Energy",5653.8
"150",1995,7639.75,34080,262803276,103.3,6821.9,"Electric Power Industry",2005.6,"Industrial Processes and Product Use",362.3
"151",1995,7639.75,34080,262803276,103.3,6821.9,"Electric Power Industry",2005.6,"Agriculture",572.2
"152",1995,7639.75,34080,262803276,103.3,6821.9,"Electric Power Industry",2005.6,"Waste",233.6
"153",1996,8073.12,35490,265228572,103.8,7023.5,"Electric Power Industry",2078,"Energy",5841.7
"154",1996,8073.12,35490,265228572,103.8,7023.5,"Electric Power Industry",2078,"Industrial Processes and Product Use",374.1
"155",1996,8073.12,35490,265228572,103.8,7023.5,"Electric Power Industry",2078,"Agriculture",577.5
"156",1996,8073.12,35490,265228572,103.8,7023.5,"Electric Power Industry",2078,"Waste",230.2
"157",1997,8577.55,37010,267783607,101.2,7079.2,"Electric Power Industry",2143.3,"Energy",5912.7
"158",1997,8577.55,37010,267783607,101.2,7079.2,"Electric Power Industry",2143.3,"Industrial Processes and Product Use",379.7
"159",1997,8577.55,37010,267783607,101.2,7079.2,"Electric Power Industry",2143.3,"Agriculture",566.8
"160",1997,8577.55,37010,267783607,101.2,7079.2,"Electric Power Industry",2143.3,"Waste",220
"161",1998,9062.82,38890,270248003,99.5,7124.7,"Electric Power Industry",2229.6,"Energy",5953.6
"162",1998,9062.82,38890,270248003,99.5,7124.7,"Electric Power Industry",2229.6,"Industrial Processes and Product Use",386.1
"163",1998,9062.82,38890,270248003,99.5,7124.7,"Electric Power Industry",2229.6,"Agriculture",575
"164",1998,9062.82,38890,270248003,99.5,7124.7,"Electric Power Industry",2229.6,"Waste",210
"165",1999,9631.17,40700,272690813,98.5,7169.9,"Electric Power Industry",2243,"Energy",6012.1
"166",1999,9631.17,40700,272690813,98.5,7169.9,"Electric Power Industry",2243,"Industrial Processes and Product Use",382.4
"167",1999,9631.17,40700,272690813,98.5,7169.9,"Electric Power Industry",2243,"Agriculture",571.7
"168",1999,9631.17,40700,272690813,98.5,7169.9,"Electric Power Industry",2243,"Waste",203.6
"169",2000,10250.95,41990,282162411,98,7369.2,"Electric Power Industry",2349.6,"Energy",6222.8
"170",2000,10250.95,41990,282162411,98,7369.2,"Electric Power Industry",2349.6,"Industrial Processes and Product Use",381
"171",2000,10250.95,41990,282162411,98,7369.2,"Electric Power Industry",2349.6,"Agriculture",565
"172",2000,10250.95,41990,282162411,98,7369.2,"Electric Power Industry",2349.6,"Waste",200.4
"173",2001,10581.93,42230,284968955,97.3,7253.5,"Electric Power Industry",2310.3,"Energy",6139.4
"174",2001,10581.93,42230,284968955,97.3,7253.5,"Electric Power Industry",2310.3,"Industrial Processes and Product Use",345.9
"175",2001,10581.93,42230,284968955,97.3,7253.5,"Electric Power Industry",2310.3,"Agriculture",573.1
"176",2001,10581.93,42230,284968955,97.3,7253.5,"Electric Power Industry",2310.3,"Waste",195.1
"177",2002,10929.11,42410,287625193,96.7,7293.3,"Electric Power Industry",2326,"Energy",6168.1
"178",2002,10929.11,42410,287625193,96.7,7293.3,"Electric Power Industry",2326,"Industrial Processes and Product Use",354
"179",2002,10929.11,42410,287625193,96.7,7293.3,"Electric Power Industry",2326,"Agriculture",577.2
"180",2002,10929.11,42410,287625193,96.7,7293.3,"Electric Power Industry",2326,"Waste",194
"181",2003,11456.45,43320,290107933,96.1,7352.7,"Electric Power Industry",2357.5,"Energy",6236.9
"182",2003,11456.45,43320,290107933,96.1,7352.7,"Electric Power Industry",2357.5,"Industrial Processes and Product Use",342.1
"183",2003,11456.45,43320,290107933,96.1,7352.7,"Electric Power Industry",2357.5,"Agriculture",576.7
"184",2003,11456.45,43320,290107933,96.1,7352.7,"Electric Power Industry",2357.5,"Waste",197
"185",2004,12217.2,44330,292805298,94.9,7464.4,"Electric Power Industry",2390.6,"Energy",6335.1
"186",2004,12217.2,44330,292805298,94.9,7464.4,"Electric Power Industry",2390.6,"Industrial Processes and Product Use",355.2
"187",2004,12217.2,44330,292805298,94.9,7464.4,"Electric Power Industry",2390.6,"Agriculture",579.4
"188",2004,12217.2,44330,292805298,94.9,7464.4,"Electric Power Industry",2390.6,"Waste",194.7
"189",2005,13039.2,46330,295516599,95.8,7477.4,"Electric Power Industry",2456.9,"Energy",6351.5
"190",2005,13039.2,46330,295516599,95.8,7477.4,"Electric Power Industry",2456.9,"Industrial Processes and Product Use",356.1
"191",2005,13039.2,46330,295516599,95.8,7477.4,"Electric Power Industry",2456.9,"Agriculture",577.7
"192",2005,13039.2,46330,295516599,95.8,7477.4,"Electric Power Industry",2456.9,"Waste",192.1
"193",2006,13815.58,48200,298379912,97.1,7407.9,"Electric Power Industry",2401.9,"Energy",6277.9
"194",2006,13815.58,48200,298379912,97.1,7407.9,"Electric Power Industry",2401.9,"Industrial Processes and Product Use",365.3
"195",2006,13815.58,48200,298379912,97.1,7407.9,"Electric Power Industry",2401.9,"Agriculture",574.7
"196",2006,13815.58,48200,298379912,97.1,7407.9,"Electric Power Industry",2401.9,"Waste",190
"197",2007,14474.23,50230,301231207,97,7511.4,"Electric Power Industry",2467.9,"Energy",6347.9
"198",2007,14474.23,50230,301231207,97,7511.4,"Electric Power Industry",2467.9,"Industrial Processes and Product Use",381.7
"199",2007,14474.23,50230,301231207,97,7511.4,"Electric Power Industry",2467.9,"Agriculture",594
"200",2007,14474.23,50230,301231207,97,7511.4,"Electric Power Industry",2467.9,"Waste",187.7
"201",2008,14478.07,50300,304093966,96.7,7294.5,"Electric Power Industry",2414.9,"Energy",6162.9
"202",2008,14478.07,50300,304093966,96.7,7294.5,"Electric Power Industry",2414.9,"Industrial Processes and Product Use",360.2
"203",2008,14478.07,50300,304093966,96.7,7294.5,"Electric Power Industry",2414.9,"Agriculture",586.2
"204",2008,14478.07,50300,304093966,96.7,7294.5,"Electric Power Industry",2414.9,"Waste",185.3
"205",2009,14769.86,49780,306771529,94.5,6840.7,"Electric Power Industry",2198.3,"Energy",5760
"206",2009,14769.86,49780,306771529,94.5,6840.7,"Electric Power Industry",2198.3,"Industrial Processes and Product Use",312.9
"207",2009,14769.86,49780,306771529,94.5,6840.7,"Electric Power Industry",2198.3,"Agriculture",585.7
"208",2009,14769.86,49780,306771529,94.5,6840.7,"Electric Power Industry",2198.3,"Waste",182.1
"209",2010,15048.97,49280,309327143,93.7,7058.2,"Electric Power Industry",2312.8,"Energy",5932.1
"210",2010,15048.97,49280,309327143,93.7,7058.2,"Electric Power Industry",2312.8,"Industrial Processes and Product Use",352
"211",2010,15048.97,49280,309327143,93.7,7058.2,"Electric Power Industry",2312.8,"Agriculture",591
"212",2010,15048.97,49280,309327143,93.7,7058.2,"Electric Power Industry",2312.8,"Waste",183.1
"213",2011,15599.73,50050,311583481,92.6,6907.2,"Electric Power Industry",2210,"Energy",5783.7
"214",2011,15599.73,50050,311583481,92.6,6907.2,"Electric Power Industry",2210,"Industrial Processes and Product Use",367
"215",2011,15599.73,50050,311583481,92.6,6907.2,"Electric Power Industry",2210,"Agriculture",582.4
"216",2011,15599.73,50050,311583481,92.6,6907.2,"Electric Power Industry",2210,"Waste",174.1
"217",2012,16253.97,51020,313877662,90.8,6670.5,"Electric Power Industry",2072.4,"Energy",5564.1
"218",2012,16253.97,51020,313877662,90.8,6670.5,"Electric Power Industry",2072.4,"Industrial Processes and Product Use",357.2
"219",2012,16253.97,51020,313877662,90.8,6670.5,"Electric Power Industry",2072.4,"Agriculture",572.6
"220",2012,16253.97,51020,313877662,90.8,6670.5,"Electric Power Industry",2072.4,"Waste",176.6
"221",2013,16880.68,53590,316059947,89.3,6841.7,"Electric Power Industry",2090.7,"Energy",5714.1
"222",2013,16880.68,53590,316059947,89.3,6841.7,"Electric Power Industry",2090.7,"Industrial Processes and Product Use",357.2
"223",2013,16880.68,53590,316059947,89.3,6841.7,"Electric Power Industry",2090.7,"Agriculture",597.5
"224",2013,16880.68,53590,316059947,89.3,6841.7,"Electric Power Industry",2090.7,"Waste",172.8
"225",2014,17608.14,53660,318386329,87.7,6898.5,"Electric Power Industry",2090.9,"Energy",5754.1
"226",2014,17608.14,53660,318386329,87.7,6898.5,"Electric Power Industry",2090.9,"Industrial Processes and Product Use",368.7
"227",2014,17608.14,53660,318386329,87.7,6898.5,"Electric Power Industry",2090.9,"Agriculture",603
"228",2014,17608.14,53660,318386329,87.7,6898.5,"Electric Power Industry",2090.9,"Waste",172.7
"229",2015,18295.02,56520,320738994,89.8,6737.4,"Electric Power Industry",1951.5,"Energy",5596.8
"230",2015,18295.02,56520,320738994,89.8,6737.4,"Electric Power Industry",1951.5,"Industrial Processes and Product Use",363.9
"231",2015,18295.02,56520,320738994,89.8,6737.4,"Electric Power Industry",1951.5,"Agriculture",604.9
"232",2015,18295.02,56520,320738994,89.8,6737.4,"Electric Power Industry",1951.5,"Waste",171.7
"233",2016,18804.91,59040,323071755,92,6578.4,"Electric Power Industry",1859.2,"Energy",5450.8
"234",2016,18804.91,59040,323071755,92,6578.4,"Electric Power Industry",1859.2,"Industrial Processes and Product Use",357.6
"235",2016,18804.91,59040,323071755,92,6578.4,"Electric Power Industry",1859.2,"Agriculture",601.8
"236",2016,18804.91,59040,323071755,92,6578.4,"Electric Power Industry",1859.2,"Waste",168.3
"237",2017,19612.1,61140,325122128,93.6,6561.8,"Electric Power Industry",1779.2,"Energy",5418.7
"238",2017,19612.1,61140,325122128,93.6,6561.8,"Electric Power Industry",1779.2,"Industrial Processes and Product Use",359.1
"239",2017,19612.1,61140,325122128,93.6,6561.8,"Electric Power Industry",1779.2,"Agriculture",613.1
"240",2017,19612.1,61140,325122128,93.6,6561.8,"Electric Power Industry",1779.2,"Waste",170.9
"241",2018,20656.52,63180,326838199,94.4,6754.8,"Electric Power Industry",1799.1,"Energy",5589.5
"242",2018,20656.52,63180,326838199,94.4,6754.8,"Electric Power Industry",1799.1,"Industrial Processes and Product Use",362.2
"243",2018,20656.52,63180,326838199,94.4,6754.8,"Electric Power Industry",1799.1,"Agriculture",629.5
"244",2018,20656.52,63180,326838199,94.4,6754.8,"Electric Power Industry",1799.1,"Waste",173.7
"245",2019,21322.95,68700,328329953,94.8,6617.9,"Electric Power Industry",1650.5,"Energy",5460.6
"246",2019,21322.95,68700,328329953,94.8,6617.9,"Electric Power Industry",1650.5,"Industrial Processes and Product Use",366.8
"247",2019,21322.95,68700,328329953,94.8,6617.9,"Electric Power Industry",1650.5,"Agriculture",614.5
"248",2019,21322.95,68700,328329953,94.8,6617.9,"Electric Power Industry",1650.5,"Waste",176
"249",2020,21521.4,68010,331511512,94.4,6026,"Electric Power Industry",1481.8,"Energy",4894
"250",2020,21521.4,68010,331511512,94.4,6026,"Electric Power Industry",1481.8,"Industrial Processes and Product Use",363.2
"251",2020,21521.4,68010,331511512,94.4,6026,"Electric Power Industry",1481.8,"Agriculture",597.3
"252",2020,21521.4,68010,331511512,94.4,6026,"Electric Power Industry",1481.8,"Waste",171.5
"253",2021,23594.03,70780,332031554,93.6,6340.2,"Electric Power Industry",1584.1,"Energy",5196.6
"254",2021,23594.03,70780,332031554,93.6,6340.2,"Electric Power Industry",1584.1,"Industrial Processes and Product Use",376.4
"255",2021,23594.03,70780,332031554,93.6,6340.2,"Electric Power Industry",1584.1,"Agriculture",598.1
"256",2021,23594.03,70780,332031554,93.6,6340.2,"Electric Power Industry",1584.1,"Waste",169.2
"257",1990,5963.14,29940,249464396,99.3,6487.3,"Industry",1677.3,"Energy",5368
"258",1990,5963.14,29940,249464396,99.3,6487.3,"Industry",1677.3,"Industrial Processes and Product Use",335.4
"259",1990,5963.14,29940,249464396,99.3,6487.3,"Industry",1677.3,"Agriculture",548
"260",1990,5963.14,29940,249464396,99.3,6487.3,"Industry",1677.3,"Waste",236
"261",1991,6158.13,30130,252153092,99.4,6418.4,"Industry",1651.4,"Energy",5321
"262",1991,6158.13,30130,252153092,99.4,6418.4,"Industry",1651.4,"Industrial Processes and Product Use",317.3
"263",1991,6158.13,30130,252153092,99.4,6418.4,"Industry",1651.4,"Agriculture",540.7
"264",1991,6158.13,30130,252153092,99.4,6418.4,"Industry",1651.4,"Waste",239.3
"265",1992,6520.33,30640,255029699,100.1,6534.9,"Industry",1687.7,"Energy",5428.4
"266",1992,6520.33,30640,255029699,100.1,6534.9,"Industry",1687.7,"Industrial Processes and Product Use",322.8
"267",1992,6520.33,30640,255029699,100.1,6534.9,"Industry",1687.7,"Agriculture",543.7
"268",1992,6520.33,30640,255029699,100.1,6534.9,"Industry",1687.7,"Waste",239.9
"269",1993,6858.56,31240,257782608,100.9,6639.5,"Industry",1657.1,"Energy",5517.5
"270",1993,6858.56,31240,257782608,100.9,6639.5,"Industry",1657.1,"Industrial Processes and Product Use",322.2
"271",1993,6858.56,31240,257782608,100.9,6639.5,"Industry",1657.1,"Agriculture",561.7
"272",1993,6858.56,31240,257782608,100.9,6639.5,"Industry",1657.1,"Waste",238.1
"273",1994,7287.24,32260,260327021,101.7,6745.2,"Industry",1683.9,"Energy",5606.3
"274",1994,7287.24,32260,260327021,101.7,6745.2,"Industry",1683.9,"Industrial Processes and Product Use",333.9
"275",1994,7287.24,32260,260327021,101.7,6745.2,"Industry",1683.9,"Agriculture",566.2
"276",1994,7287.24,32260,260327021,101.7,6745.2,"Industry",1683.9,"Waste",238.8
"277",1995,7639.75,34080,262803276,103.3,6821.9,"Industry",1703.3,"Energy",5653.8
"278",1995,7639.75,34080,262803276,103.3,6821.9,"Industry",1703.3,"Industrial Processes and Product Use",362.3
"279",1995,7639.75,34080,262803276,103.3,6821.9,"Industry",1703.3,"Agriculture",572.2
"280",1995,7639.75,34080,262803276,103.3,6821.9,"Industry",1703.3,"Waste",233.6
"281",1996,8073.12,35490,265228572,103.8,7023.5,"Industry",1733.7,"Energy",5841.7
"282",1996,8073.12,35490,265228572,103.8,7023.5,"Industry",1733.7,"Industrial Processes and Product Use",374.1
"283",1996,8073.12,35490,265228572,103.8,7023.5,"Industry",1733.7,"Agriculture",577.5
"284",1996,8073.12,35490,265228572,103.8,7023.5,"Industry",1733.7,"Waste",230.2
"285",1997,8577.55,37010,267783607,101.2,7079.2,"Industry",1735.3,"Energy",5912.7
"286",1997,8577.55,37010,267783607,101.2,7079.2,"Industry",1735.3,"Industrial Processes and Product Use",379.7
"287",1997,8577.55,37010,267783607,101.2,7079.2,"Industry",1735.3,"Agriculture",566.8
"288",1997,8577.55,37010,267783607,101.2,7079.2,"Industry",1735.3,"Waste",220
"289",1998,9062.82,38890,270248003,99.5,7124.7,"Industry",1706.1,"Energy",5953.6
"290",1998,9062.82,38890,270248003,99.5,7124.7,"Industry",1706.1,"Industrial Processes and Product Use",386.1
"291",1998,9062.82,38890,270248003,99.5,7124.7,"Industry",1706.1,"Agriculture",575
"292",1998,9062.82,38890,270248003,99.5,7124.7,"Industry",1706.1,"Waste",210
"293",1999,9631.17,40700,272690813,98.5,7169.9,"Industry",1657.2,"Energy",6012.1
"294",1999,9631.17,40700,272690813,98.5,7169.9,"Industry",1657.2,"Industrial Processes and Product Use",382.4
"295",1999,9631.17,40700,272690813,98.5,7169.9,"Industry",1657.2,"Agriculture",571.7
"296",1999,9631.17,40700,272690813,98.5,7169.9,"Industry",1657.2,"Waste",203.6
"297",2000,10250.95,41990,282162411,98,7369.2,"Industry",1649.8,"Energy",6222.8
"298",2000,10250.95,41990,282162411,98,7369.2,"Industry",1649.8,"Industrial Processes and Product Use",381
"299",2000,10250.95,41990,282162411,98,7369.2,"Industry",1649.8,"Agriculture",565
"300",2000,10250.95,41990,282162411,98,7369.2,"Industry",1649.8,"Waste",200.4
"301",2001,10581.93,42230,284968955,97.3,7253.5,"Industry",1604.6,"Energy",6139.4
"302",2001,10581.93,42230,284968955,97.3,7253.5,"Industry",1604.6,"Industrial Processes and Product Use",345.9
"303",2001,10581.93,42230,284968955,97.3,7253.5,"Industry",1604.6,"Agriculture",573.1
"304",2001,10581.93,42230,284968955,97.3,7253.5,"Industry",1604.6,"Waste",195.1
"305",2002,10929.11,42410,287625193,96.7,7293.3,"Industry",1585.1,"Energy",6168.1
"306",2002,10929.11,42410,287625193,96.7,7293.3,"Industry",1585.1,"Industrial Processes and Product Use",354
"307",2002,10929.11,42410,287625193,96.7,7293.3,"Industry",1585.1,"Agriculture",577.2
"308",2002,10929.11,42410,287625193,96.7,7293.3,"Industry",1585.1,"Waste",194
"309",2003,11456.45,43320,290107933,96.1,7352.7,"Industry",1565.5,"Energy",6236.9
"310",2003,11456.45,43320,290107933,96.1,7352.7,"Industry",1565.5,"Industrial Processes and Product Use",342.1
"311",2003,11456.45,43320,290107933,96.1,7352.7,"Industry",1565.5,"Agriculture",576.7
"312",2003,11456.45,43320,290107933,96.1,7352.7,"Industry",1565.5,"Waste",197
"313",2004,12217.2,44330,292805298,94.9,7464.4,"Industry",1615.9,"Energy",6335.1
"314",2004,12217.2,44330,292805298,94.9,7464.4,"Industry",1615.9,"Industrial Processes and Product Use",355.2
"315",2004,12217.2,44330,292805298,94.9,7464.4,"Industry",1615.9,"Agriculture",579.4
"316",2004,12217.2,44330,292805298,94.9,7464.4,"Industry",1615.9,"Waste",194.7
"317",2005,13039.2,46330,295516599,95.8,7477.4,"Industry",1574.4,"Energy",6351.5
"318",2005,13039.2,46330,295516599,95.8,7477.4,"Industry",1574.4,"Industrial Processes and Product Use",356.1
"319",2005,13039.2,46330,295516599,95.8,7477.4,"Industry",1574.4,"Agriculture",577.7
"320",2005,13039.2,46330,295516599,95.8,7477.4,"Industry",1574.4,"Waste",192.1
"321",2006,13815.58,48200,298379912,97.1,7407.9,"Industry",1611.1,"Energy",6277.9
"322",2006,13815.58,48200,298379912,97.1,7407.9,"Industry",1611.1,"Industrial Processes and Product Use",365.3
"323",2006,13815.58,48200,298379912,97.1,7407.9,"Industry",1611.1,"Agriculture",574.7
"324",2006,13815.58,48200,298379912,97.1,7407.9,"Industry",1611.1,"Waste",190
"325",2007,14474.23,50230,301231207,97,7511.4,"Industry",1600.7,"Energy",6347.9
"326",2007,14474.23,50230,301231207,97,7511.4,"Industry",1600.7,"Industrial Processes and Product Use",381.7
"327",2007,14474.23,50230,301231207,97,7511.4,"Industry",1600.7,"Agriculture",594
"328",2007,14474.23,50230,301231207,97,7511.4,"Industry",1600.7,"Waste",187.7
"329",2008,14478.07,50300,304093966,96.7,7294.5,"Industry",1547.5,"Energy",6162.9
"330",2008,14478.07,50300,304093966,96.7,7294.5,"Industry",1547.5,"Industrial Processes and Product Use",360.2
"331",2008,14478.07,50300,304093966,96.7,7294.5,"Industry",1547.5,"Agriculture",586.2
"332",2008,14478.07,50300,304093966,96.7,7294.5,"Industry",1547.5,"Waste",185.3
"333",2009,14769.86,49780,306771529,94.5,6840.7,"Industry",1394.8,"Energy",5760
"334",2009,14769.86,49780,306771529,94.5,6840.7,"Industry",1394.8,"Industrial Processes and Product Use",312.9
"335",2009,14769.86,49780,306771529,94.5,6840.7,"Industry",1394.8,"Agriculture",585.7
"336",2009,14769.86,49780,306771529,94.5,6840.7,"Industry",1394.8,"Waste",182.1
"337",2010,15048.97,49280,309327143,93.7,7058.2,"Industry",1488.6,"Energy",5932.1
"338",2010,15048.97,49280,309327143,93.7,7058.2,"Industry",1488.6,"Industrial Processes and Product Use",352
"339",2010,15048.97,49280,309327143,93.7,7058.2,"Industry",1488.6,"Agriculture",591
"340",2010,15048.97,49280,309327143,93.7,7058.2,"Industry",1488.6,"Waste",183.1
"341",2011,15599.73,50050,311583481,92.6,6907.2,"Industry",1494.9,"Energy",5783.7
"342",2011,15599.73,50050,311583481,92.6,6907.2,"Industry",1494.9,"Industrial Processes and Product Use",367
"343",2011,15599.73,50050,311583481,92.6,6907.2,"Industry",1494.9,"Agriculture",582.4
"344",2011,15599.73,50050,311583481,92.6,6907.2,"Industry",1494.9,"Waste",174.1
"345",2012,16253.97,51020,313877662,90.8,6670.5,"Industry",1485.5,"Energy",5564.1
"346",2012,16253.97,51020,313877662,90.8,6670.5,"Industry",1485.5,"Industrial Processes and Product Use",357.2
"347",2012,16253.97,51020,313877662,90.8,6670.5,"Industry",1485.5,"Agriculture",572.6
"348",2012,16253.97,51020,313877662,90.8,6670.5,"Industry",1485.5,"Waste",176.6
"349",2013,16880.68,53590,316059947,89.3,6841.7,"Industry",1544.4,"Energy",5714.1
"350",2013,16880.68,53590,316059947,89.3,6841.7,"Industry",1544.4,"Industrial Processes and Product Use",357.2
"351",2013,16880.68,53590,316059947,89.3,6841.7,"Industry",1544.4,"Agriculture",597.5
"352",2013,16880.68,53590,316059947,89.3,6841.7,"Industry",1544.4,"Waste",172.8
"353",2014,17608.14,53660,318386329,87.7,6898.5,"Industry",1530.6,"Energy",5754.1
"354",2014,17608.14,53660,318386329,87.7,6898.5,"Industry",1530.6,"Industrial Processes and Product Use",368.7
"355",2014,17608.14,53660,318386329,87.7,6898.5,"Industry",1530.6,"Agriculture",603
"356",2014,17608.14,53660,318386329,87.7,6898.5,"Industry",1530.6,"Waste",172.7
"357",2015,18295.02,56520,320738994,89.8,6737.4,"Industry",1518.1,"Energy",5596.8
"358",2015,18295.02,56520,320738994,89.8,6737.4,"Industry",1518.1,"Industrial Processes and Product Use",363.9
"359",2015,18295.02,56520,320738994,89.8,6737.4,"Industry",1518.1,"Agriculture",604.9
"360",2015,18295.02,56520,320738994,89.8,6737.4,"Industry",1518.1,"Waste",171.7
"361",2016,18804.91,59040,323071755,92,6578.4,"Industry",1463.1,"Energy",5450.8
"362",2016,18804.91,59040,323071755,92,6578.4,"Industry",1463.1,"Industrial Processes and Product Use",357.6
"363",2016,18804.91,59040,323071755,92,6578.4,"Industry",1463.1,"Agriculture",601.8
"364",2016,18804.91,59040,323071755,92,6578.4,"Industry",1463.1,"Waste",168.3
"365",2017,19612.1,61140,325122128,93.6,6561.8,"Industry",1494.5,"Energy",5418.7
"366",2017,19612.1,61140,325122128,93.6,6561.8,"Industry",1494.5,"Industrial Processes and Product Use",359.1
"367",2017,19612.1,61140,325122128,93.6,6561.8,"Industry",1494.5,"Agriculture",613.1
"368",2017,19612.1,61140,325122128,93.6,6561.8,"Industry",1494.5,"Waste",170.9
"369",2018,20656.52,63180,326838199,94.4,6754.8,"Industry",1558,"Energy",5589.5
"370",2018,20656.52,63180,326838199,94.4,6754.8,"Industry",1558,"Industrial Processes and Product Use",362.2
"371",2018,20656.52,63180,326838199,94.4,6754.8,"Industry",1558,"Agriculture",629.5
"372",2018,20656.52,63180,326838199,94.4,6754.8,"Industry",1558,"Waste",173.7
"373",2019,21322.95,68700,328329953,94.8,6617.9,"Industry",1568.2,"Energy",5460.6
"374",2019,21322.95,68700,328329953,94.8,6617.9,"Industry",1568.2,"Industrial Processes and Product Use",366.8
"375",2019,21322.95,68700,328329953,94.8,6617.9,"Industry",1568.2,"Agriculture",614.5
"376",2019,21322.95,68700,328329953,94.8,6617.9,"Industry",1568.2,"Waste",176
"377",2020,21521.4,68010,331511512,94.4,6026,"Industry",1465.4,"Energy",4894
"378",2020,21521.4,68010,331511512,94.4,6026,"Industry",1465.4,"Industrial Processes and Product Use",363.2
"379",2020,21521.4,68010,331511512,94.4,6026,"Industry",1465.4,"Agriculture",597.3
"380",2020,21521.4,68010,331511512,94.4,6026,"Industry",1465.4,"Waste",171.5
"381",2021,23594.03,70780,332031554,93.6,6340.2,"Industry",1487.3,"Energy",5196.6
"382",2021,23594.03,70780,332031554,93.6,6340.2,"Industry",1487.3,"Industrial Processes and Product Use",376.4
"383",2021,23594.03,70780,332031554,93.6,6340.2,"Industry",1487.3,"Agriculture",598.1
"384",2021,23594.03,70780,332031554,93.6,6340.2,"Industry",1487.3,"Waste",169.2
"385",1990,5963.14,29940,249464396,99.3,6487.3,"Agriculture",592.9,"Energy",5368
"386",1990,5963.14,29940,249464396,99.3,6487.3,"Agriculture",592.9,"Industrial Processes and Product Use",335.4
"387",1990,5963.14,29940,249464396,99.3,6487.3,"Agriculture",592.9,"Agriculture",548
"388",1990,5963.14,29940,249464396,99.3,6487.3,"Agriculture",592.9,"Waste",236
"389",1991,6158.13,30130,252153092,99.4,6418.4,"Agriculture",585,"Energy",5321
"390",1991,6158.13,30130,252153092,99.4,6418.4,"Agriculture",585,"Industrial Processes and Product Use",317.3
"391",1991,6158.13,30130,252153092,99.4,6418.4,"Agriculture",585,"Agriculture",540.7
"392",1991,6158.13,30130,252153092,99.4,6418.4,"Agriculture",585,"Waste",239.3
"393",1992,6520.33,30640,255029699,100.1,6534.9,"Agriculture",588,"Energy",5428.4
"394",1992,6520.33,30640,255029699,100.1,6534.9,"Agriculture",588,"Industrial Processes and Product Use",322.8
"395",1992,6520.33,30640,255029699,100.1,6534.9,"Agriculture",588,"Agriculture",543.7
"396",1992,6520.33,30640,255029699,100.1,6534.9,"Agriculture",588,"Waste",239.9
"397",1993,6858.56,31240,257782608,100.9,6639.5,"Agriculture",606.1,"Energy",5517.5
"398",1993,6858.56,31240,257782608,100.9,6639.5,"Agriculture",606.1,"Industrial Processes and Product Use",322.2
"399",1993,6858.56,31240,257782608,100.9,6639.5,"Agriculture",606.1,"Agriculture",561.7
"400",1993,6858.56,31240,257782608,100.9,6639.5,"Agriculture",606.1,"Waste",238.1
"401",1994,7287.24,32260,260327021,101.7,6745.2,"Agriculture",610.8,"Energy",5606.3
"402",1994,7287.24,32260,260327021,101.7,6745.2,"Agriculture",610.8,"Industrial Processes and Product Use",333.9
"403",1994,7287.24,32260,260327021,101.7,6745.2,"Agriculture",610.8,"Agriculture",566.2
"404",1994,7287.24,32260,260327021,101.7,6745.2,"Agriculture",610.8,"Waste",238.8
"405",1995,7639.75,34080,262803276,103.3,6821.9,"Agriculture",616.8,"Energy",5653.8
"406",1995,7639.75,34080,262803276,103.3,6821.9,"Agriculture",616.8,"Industrial Processes and Product Use",362.3
"407",1995,7639.75,34080,262803276,103.3,6821.9,"Agriculture",616.8,"Agriculture",572.2
"408",1995,7639.75,34080,262803276,103.3,6821.9,"Agriculture",616.8,"Waste",233.6
"409",1996,8073.12,35490,265228572,103.8,7023.5,"Agriculture",621.8,"Energy",5841.7
"410",1996,8073.12,35490,265228572,103.8,7023.5,"Agriculture",621.8,"Industrial Processes and Product Use",374.1
"411",1996,8073.12,35490,265228572,103.8,7023.5,"Agriculture",621.8,"Agriculture",577.5
"412",1996,8073.12,35490,265228572,103.8,7023.5,"Agriculture",621.8,"Waste",230.2
"413",1997,8577.55,37010,267783607,101.2,7079.2,"Agriculture",611.4,"Energy",5912.7
"414",1997,8577.55,37010,267783607,101.2,7079.2,"Agriculture",611.4,"Industrial Processes and Product Use",379.7
"415",1997,8577.55,37010,267783607,101.2,7079.2,"Agriculture",611.4,"Agriculture",566.8
"416",1997,8577.55,37010,267783607,101.2,7079.2,"Agriculture",611.4,"Waste",220
"417",1998,9062.82,38890,270248003,99.5,7124.7,"Agriculture",618.7,"Energy",5953.6
"418",1998,9062.82,38890,270248003,99.5,7124.7,"Agriculture",618.7,"Industrial Processes and Product Use",386.1
"419",1998,9062.82,38890,270248003,99.5,7124.7,"Agriculture",618.7,"Agriculture",575
"420",1998,9062.82,38890,270248003,99.5,7124.7,"Agriculture",618.7,"Waste",210
"421",1999,9631.17,40700,272690813,98.5,7169.9,"Agriculture",613.3,"Energy",6012.1
"422",1999,9631.17,40700,272690813,98.5,7169.9,"Agriculture",613.3,"Industrial Processes and Product Use",382.4
"423",1999,9631.17,40700,272690813,98.5,7169.9,"Agriculture",613.3,"Agriculture",571.7
"424",1999,9631.17,40700,272690813,98.5,7169.9,"Agriculture",613.3,"Waste",203.6
"425",2000,10250.95,41990,282162411,98,7369.2,"Agriculture",606.2,"Energy",6222.8
"426",2000,10250.95,41990,282162411,98,7369.2,"Agriculture",606.2,"Industrial Processes and Product Use",381
"427",2000,10250.95,41990,282162411,98,7369.2,"Agriculture",606.2,"Agriculture",565
"428",2000,10250.95,41990,282162411,98,7369.2,"Agriculture",606.2,"Waste",200.4
"429",2001,10581.93,42230,284968955,97.3,7253.5,"Agriculture",615.7,"Energy",6139.4
"430",2001,10581.93,42230,284968955,97.3,7253.5,"Agriculture",615.7,"Industrial Processes and Product Use",345.9
"431",2001,10581.93,42230,284968955,97.3,7253.5,"Agriculture",615.7,"Agriculture",573.1
"432",2001,10581.93,42230,284968955,97.3,7253.5,"Agriculture",615.7,"Waste",195.1
"433",2002,10929.11,42410,287625193,96.7,7293.3,"Agriculture",620.8,"Energy",6168.1
"434",2002,10929.11,42410,287625193,96.7,7293.3,"Agriculture",620.8,"Industrial Processes and Product Use",354
"435",2002,10929.11,42410,287625193,96.7,7293.3,"Agriculture",620.8,"Agriculture",577.2
"436",2002,10929.11,42410,287625193,96.7,7293.3,"Agriculture",620.8,"Waste",194
"437",2003,11456.45,43320,290107933,96.1,7352.7,"Agriculture",622,"Energy",6236.9
"438",2003,11456.45,43320,290107933,96.1,7352.7,"Agriculture",622,"Industrial Processes and Product Use",342.1
"439",2003,11456.45,43320,290107933,96.1,7352.7,"Agriculture",622,"Agriculture",576.7
"440",2003,11456.45,43320,290107933,96.1,7352.7,"Agriculture",622,"Waste",197
"441",2004,12217.2,44330,292805298,94.9,7464.4,"Agriculture",629.8,"Energy",6335.1
"442",2004,12217.2,44330,292805298,94.9,7464.4,"Agriculture",629.8,"Industrial Processes and Product Use",355.2
"443",2004,12217.2,44330,292805298,94.9,7464.4,"Agriculture",629.8,"Agriculture",579.4
"444",2004,12217.2,44330,292805298,94.9,7464.4,"Agriculture",629.8,"Waste",194.7
"445",2005,13039.2,46330,295516599,95.8,7477.4,"Agriculture",630.2,"Energy",6351.5
"446",2005,13039.2,46330,295516599,95.8,7477.4,"Agriculture",630.2,"Industrial Processes and Product Use",356.1
"447",2005,13039.2,46330,295516599,95.8,7477.4,"Agriculture",630.2,"Agriculture",577.7
"448",2005,13039.2,46330,295516599,95.8,7477.4,"Agriculture",630.2,"Waste",192.1
"449",2006,13815.58,48200,298379912,97.1,7407.9,"Agriculture",631.2,"Energy",6277.9
"450",2006,13815.58,48200,298379912,97.1,7407.9,"Agriculture",631.2,"Industrial Processes and Product Use",365.3
"451",2006,13815.58,48200,298379912,97.1,7407.9,"Agriculture",631.2,"Agriculture",574.7
"452",2006,13815.58,48200,298379912,97.1,7407.9,"Agriculture",631.2,"Waste",190
"453",2007,14474.23,50230,301231207,97,7511.4,"Agriculture",647.7,"Energy",6347.9
"454",2007,14474.23,50230,301231207,97,7511.4,"Agriculture",647.7,"Industrial Processes and Product Use",381.7
"455",2007,14474.23,50230,301231207,97,7511.4,"Agriculture",647.7,"Agriculture",594
"456",2007,14474.23,50230,301231207,97,7511.4,"Agriculture",647.7,"Waste",187.7
"457",2008,14478.07,50300,304093966,96.7,7294.5,"Agriculture",635.7,"Energy",6162.9
"458",2008,14478.07,50300,304093966,96.7,7294.5,"Agriculture",635.7,"Industrial Processes and Product Use",360.2
"459",2008,14478.07,50300,304093966,96.7,7294.5,"Agriculture",635.7,"Agriculture",586.2
"460",2008,14478.07,50300,304093966,96.7,7294.5,"Agriculture",635.7,"Waste",185.3
"461",2009,14769.86,49780,306771529,94.5,6840.7,"Agriculture",633.7,"Energy",5760
"462",2009,14769.86,49780,306771529,94.5,6840.7,"Agriculture",633.7,"Industrial Processes and Product Use",312.9
"463",2009,14769.86,49780,306771529,94.5,6840.7,"Agriculture",633.7,"Agriculture",585.7
"464",2009,14769.86,49780,306771529,94.5,6840.7,"Agriculture",633.7,"Waste",182.1
"465",2010,15048.97,49280,309327143,93.7,7058.2,"Agriculture",639.1,"Energy",5932.1
"466",2010,15048.97,49280,309327143,93.7,7058.2,"Agriculture",639.1,"Industrial Processes and Product Use",352
"467",2010,15048.97,49280,309327143,93.7,7058.2,"Agriculture",639.1,"Agriculture",591
"468",2010,15048.97,49280,309327143,93.7,7058.2,"Agriculture",639.1,"Waste",183.1
"469",2011,15599.73,50050,311583481,92.6,6907.2,"Agriculture",630.7,"Energy",5783.7
"470",2011,15599.73,50050,311583481,92.6,6907.2,"Agriculture",630.7,"Industrial Processes and Product Use",367
"471",2011,15599.73,50050,311583481,92.6,6907.2,"Agriculture",630.7,"Agriculture",582.4
"472",2011,15599.73,50050,311583481,92.6,6907.2,"Agriculture",630.7,"Waste",174.1
"473",2012,16253.97,51020,313877662,90.8,6670.5,"Agriculture",622.2,"Energy",5564.1
"474",2012,16253.97,51020,313877662,90.8,6670.5,"Agriculture",622.2,"Industrial Processes and Product Use",357.2
"475",2012,16253.97,51020,313877662,90.8,6670.5,"Agriculture",622.2,"Agriculture",572.6
"476",2012,16253.97,51020,313877662,90.8,6670.5,"Agriculture",622.2,"Waste",176.6
"477",2013,16880.68,53590,316059947,89.3,6841.7,"Agriculture",644.9,"Energy",5714.1
"478",2013,16880.68,53590,316059947,89.3,6841.7,"Agriculture",644.9,"Industrial Processes and Product Use",357.2
"479",2013,16880.68,53590,316059947,89.3,6841.7,"Agriculture",644.9,"Agriculture",597.5
"480",2013,16880.68,53590,316059947,89.3,6841.7,"Agriculture",644.9,"Waste",172.8
"481",2014,17608.14,53660,318386329,87.7,6898.5,"Agriculture",650.5,"Energy",5754.1
"482",2014,17608.14,53660,318386329,87.7,6898.5,"Agriculture",650.5,"Industrial Processes and Product Use",368.7
"483",2014,17608.14,53660,318386329,87.7,6898.5,"Agriculture",650.5,"Agriculture",603
"484",2014,17608.14,53660,318386329,87.7,6898.5,"Agriculture",650.5,"Waste",172.7
"485",2015,18295.02,56520,320738994,89.8,6737.4,"Agriculture",647.5,"Energy",5596.8
"486",2015,18295.02,56520,320738994,89.8,6737.4,"Agriculture",647.5,"Industrial Processes and Product Use",363.9
"487",2015,18295.02,56520,320738994,89.8,6737.4,"Agriculture",647.5,"Agriculture",604.9
"488",2015,18295.02,56520,320738994,89.8,6737.4,"Agriculture",647.5,"Waste",171.7
"489",2016,18804.91,59040,323071755,92,6578.4,"Agriculture",643.3,"Energy",5450.8
"490",2016,18804.91,59040,323071755,92,6578.4,"Agriculture",643.3,"Industrial Processes and Product Use",357.6
"491",2016,18804.91,59040,323071755,92,6578.4,"Agriculture",643.3,"Agriculture",601.8
"492",2016,18804.91,59040,323071755,92,6578.4,"Agriculture",643.3,"Waste",168.3
"493",2017,19612.1,61140,325122128,93.6,6561.8,"Agriculture",654.2,"Energy",5418.7
"494",2017,19612.1,61140,325122128,93.6,6561.8,"Agriculture",654.2,"Industrial Processes and Product Use",359.1
"495",2017,19612.1,61140,325122128,93.6,6561.8,"Agriculture",654.2,"Agriculture",613.1
"496",2017,19612.1,61140,325122128,93.6,6561.8,"Agriculture",654.2,"Waste",170.9
"497",2018,20656.52,63180,326838199,94.4,6754.8,"Agriculture",670.6,"Energy",5589.5
"498",2018,20656.52,63180,326838199,94.4,6754.8,"Agriculture",670.6,"Industrial Processes and Product Use",362.2
"499",2018,20656.52,63180,326838199,94.4,6754.8,"Agriculture",670.6,"Agriculture",629.5
"500",2018,20656.52,63180,326838199,94.4,6754.8,"Agriculture",670.6,"Waste",173.7
"501",2019,21322.95,68700,328329953,94.8,6617.9,"Agriculture",655.4,"Energy",5460.6
"502",2019,21322.95,68700,328329953,94.8,6617.9,"Agriculture",655.4,"Industrial Processes and Product Use",366.8
"503",2019,21322.95,68700,328329953,94.8,6617.9,"Agriculture",655.4,"Agriculture",614.5
"504",2019,21322.95,68700,328329953,94.8,6617.9,"Agriculture",655.4,"Waste",176
"505",2020,21521.4,68010,331511512,94.4,6026,"Agriculture",637.2,"Energy",4894
"506",2020,21521.4,68010,331511512,94.4,6026,"Agriculture",637.2,"Industrial Processes and Product Use",363.2
"507",2020,21521.4,68010,331511512,94.4,6026,"Agriculture",637.2,"Agriculture",597.3
"508",2020,21521.4,68010,331511512,94.4,6026,"Agriculture",637.2,"Waste",171.5
"509",2021,23594.03,70780,332031554,93.6,6340.2,"Agriculture",635.8,"Energy",5196.6
"510",2021,23594.03,70780,332031554,93.6,6340.2,"Agriculture",635.8,"Industrial Processes and Product Use",376.4
"511",2021,23594.03,70780,332031554,93.6,6340.2,"Agriculture",635.8,"Agriculture",598.1
"512",2021,23594.03,70780,332031554,93.6,6340.2,"Agriculture",635.8,"Waste",169.2
"513",1990,5963.14,29940,249464396,99.3,6487.3,"Commercial",447,"Energy",5368
"514",1990,5963.14,29940,249464396,99.3,6487.3,"Commercial",447,"Industrial Processes and Product Use",335.4
"515",1990,5963.14,29940,249464396,99.3,6487.3,"Commercial",447,"Agriculture",548
"516",1990,5963.14,29940,249464396,99.3,6487.3,"Commercial",447,"Waste",236
"517",1991,6158.13,30130,252153092,99.4,6418.4,"Commercial",454.5,"Energy",5321
"518",1991,6158.13,30130,252153092,99.4,6418.4,"Commercial",454.5,"Industrial Processes and Product Use",317.3
"519",1991,6158.13,30130,252153092,99.4,6418.4,"Commercial",454.5,"Agriculture",540.7
"520",1991,6158.13,30130,252153092,99.4,6418.4,"Commercial",454.5,"Waste",239.3
"521",1992,6520.33,30640,255029699,100.1,6534.9,"Commercial",450,"Energy",5428.4
"522",1992,6520.33,30640,255029699,100.1,6534.9,"Commercial",450,"Industrial Processes and Product Use",322.8
"523",1992,6520.33,30640,255029699,100.1,6534.9,"Commercial",450,"Agriculture",543.7
"524",1992,6520.33,30640,255029699,100.1,6534.9,"Commercial",450,"Waste",239.9
"525",1993,6858.56,31240,257782608,100.9,6639.5,"Commercial",443.1,"Energy",5517.5
"526",1993,6858.56,31240,257782608,100.9,6639.5,"Commercial",443.1,"Industrial Processes and Product Use",322.2
"527",1993,6858.56,31240,257782608,100.9,6639.5,"Commercial",443.1,"Agriculture",561.7
"528",1993,6858.56,31240,257782608,100.9,6639.5,"Commercial",443.1,"Waste",238.1
"529",1994,7287.24,32260,260327021,101.7,6745.2,"Commercial",446.1,"Energy",5606.3
"530",1994,7287.24,32260,260327021,101.7,6745.2,"Commercial",446.1,"Industrial Processes and Product Use",333.9
"531",1994,7287.24,32260,260327021,101.7,6745.2,"Commercial",446.1,"Agriculture",566.2
"532",1994,7287.24,32260,260327021,101.7,6745.2,"Commercial",446.1,"Waste",238.8
"533",1995,7639.75,34080,262803276,103.3,6821.9,"Commercial",444.5,"Energy",5653.8
"534",1995,7639.75,34080,262803276,103.3,6821.9,"Commercial",444.5,"Industrial Processes and Product Use",362.3
"535",1995,7639.75,34080,262803276,103.3,6821.9,"Commercial",444.5,"Agriculture",572.2
"536",1995,7639.75,34080,262803276,103.3,6821.9,"Commercial",444.5,"Waste",233.6
"537",1996,8073.12,35490,265228572,103.8,7023.5,"Commercial",451.7,"Energy",5841.7
"538",1996,8073.12,35490,265228572,103.8,7023.5,"Commercial",451.7,"Industrial Processes and Product Use",374.1
"539",1996,8073.12,35490,265228572,103.8,7023.5,"Commercial",451.7,"Agriculture",577.5
"540",1996,8073.12,35490,265228572,103.8,7023.5,"Commercial",451.7,"Waste",230.2
"541",1997,8577.55,37010,267783607,101.2,7079.2,"Commercial",442.9,"Energy",5912.7
"542",1997,8577.55,37010,267783607,101.2,7079.2,"Commercial",442.9,"Industrial Processes and Product Use",379.7
"543",1997,8577.55,37010,267783607,101.2,7079.2,"Commercial",442.9,"Agriculture",566.8
"544",1997,8577.55,37010,267783607,101.2,7079.2,"Commercial",442.9,"Waste",220
"545",1998,9062.82,38890,270248003,99.5,7124.7,"Commercial",416.4,"Energy",5953.6
"546",1998,9062.82,38890,270248003,99.5,7124.7,"Commercial",416.4,"Industrial Processes and Product Use",386.1
"547",1998,9062.82,38890,270248003,99.5,7124.7,"Commercial",416.4,"Agriculture",575
"548",1998,9062.82,38890,270248003,99.5,7124.7,"Commercial",416.4,"Waste",210
"549",1999,9631.17,40700,272690813,98.5,7169.9,"Commercial",411.9,"Energy",6012.1
"550",1999,9631.17,40700,272690813,98.5,7169.9,"Commercial",411.9,"Industrial Processes and Product Use",382.4
"551",1999,9631.17,40700,272690813,98.5,7169.9,"Commercial",411.9,"Agriculture",571.7
"552",1999,9631.17,40700,272690813,98.5,7169.9,"Commercial",411.9,"Waste",203.6
"553",2000,10250.95,41990,282162411,98,7369.2,"Commercial",425.7,"Energy",6222.8
"554",2000,10250.95,41990,282162411,98,7369.2,"Commercial",425.7,"Industrial Processes and Product Use",381
"555",2000,10250.95,41990,282162411,98,7369.2,"Commercial",425.7,"Agriculture",565
"556",2000,10250.95,41990,282162411,98,7369.2,"Commercial",425.7,"Waste",200.4
"557",2001,10581.93,42230,284968955,97.3,7253.5,"Commercial",414.1,"Energy",6139.4
"558",2001,10581.93,42230,284968955,97.3,7253.5,"Commercial",414.1,"Industrial Processes and Product Use",345.9
"559",2001,10581.93,42230,284968955,97.3,7253.5,"Commercial",414.1,"Agriculture",573.1
"560",2001,10581.93,42230,284968955,97.3,7253.5,"Commercial",414.1,"Waste",195.1
"561",2002,10929.11,42410,287625193,96.7,7293.3,"Commercial",415.4,"Energy",6168.1
"562",2002,10929.11,42410,287625193,96.7,7293.3,"Commercial",415.4,"Industrial Processes and Product Use",354
"563",2002,10929.11,42410,287625193,96.7,7293.3,"Commercial",415.4,"Agriculture",577.2
"564",2002,10929.11,42410,287625193,96.7,7293.3,"Commercial",415.4,"Waste",194
"565",2003,11456.45,43320,290107933,96.1,7352.7,"Commercial",431.8,"Energy",6236.9
"566",2003,11456.45,43320,290107933,96.1,7352.7,"Commercial",431.8,"Industrial Processes and Product Use",342.1
"567",2003,11456.45,43320,290107933,96.1,7352.7,"Commercial",431.8,"Agriculture",576.7
"568",2003,11456.45,43320,290107933,96.1,7352.7,"Commercial",431.8,"Waste",197
"569",2004,12217.2,44330,292805298,94.9,7464.4,"Commercial",429.2,"Energy",6335.1
"570",2004,12217.2,44330,292805298,94.9,7464.4,"Commercial",429.2,"Industrial Processes and Product Use",355.2
"571",2004,12217.2,44330,292805298,94.9,7464.4,"Commercial",429.2,"Agriculture",579.4
"572",2004,12217.2,44330,292805298,94.9,7464.4,"Commercial",429.2,"Waste",194.7
"573",2005,13039.2,46330,295516599,95.8,7477.4,"Commercial",418.9,"Energy",6351.5
"574",2005,13039.2,46330,295516599,95.8,7477.4,"Commercial",418.9,"Industrial Processes and Product Use",356.1
"575",2005,13039.2,46330,295516599,95.8,7477.4,"Commercial",418.9,"Agriculture",577.7
"576",2005,13039.2,46330,295516599,95.8,7477.4,"Commercial",418.9,"Waste",192.1
"577",2006,13815.58,48200,298379912,97.1,7407.9,"Commercial",405,"Energy",6277.9
"578",2006,13815.58,48200,298379912,97.1,7407.9,"Commercial",405,"Industrial Processes and Product Use",365.3
"579",2006,13815.58,48200,298379912,97.1,7407.9,"Commercial",405,"Agriculture",574.7
"580",2006,13815.58,48200,298379912,97.1,7407.9,"Commercial",405,"Waste",190
"581",2007,14474.23,50230,301231207,97,7511.4,"Commercial",418.5,"Energy",6347.9
"582",2007,14474.23,50230,301231207,97,7511.4,"Commercial",418.5,"Industrial Processes and Product Use",381.7
"583",2007,14474.23,50230,301231207,97,7511.4,"Commercial",418.5,"Agriculture",594
"584",2007,14474.23,50230,301231207,97,7511.4,"Commercial",418.5,"Waste",187.7
"585",2008,14478.07,50300,304093966,96.7,7294.5,"Commercial",425.4,"Energy",6162.9
"586",2008,14478.07,50300,304093966,96.7,7294.5,"Commercial",425.4,"Industrial Processes and Product Use",360.2
"587",2008,14478.07,50300,304093966,96.7,7294.5,"Commercial",425.4,"Agriculture",586.2
"588",2008,14478.07,50300,304093966,96.7,7294.5,"Commercial",425.4,"Waste",185.3
"589",2009,14769.86,49780,306771529,94.5,6840.7,"Commercial",428.7,"Energy",5760
"590",2009,14769.86,49780,306771529,94.5,6840.7,"Commercial",428.7,"Industrial Processes and Product Use",312.9
"591",2009,14769.86,49780,306771529,94.5,6840.7,"Commercial",428.7,"Agriculture",585.7
"592",2009,14769.86,49780,306771529,94.5,6840.7,"Commercial",428.7,"Waste",182.1
"593",2010,15048.97,49280,309327143,93.7,7058.2,"Commercial",430.8,"Energy",5932.1
"594",2010,15048.97,49280,309327143,93.7,7058.2,"Commercial",430.8,"Industrial Processes and Product Use",352
"595",2010,15048.97,49280,309327143,93.7,7058.2,"Commercial",430.8,"Agriculture",591
"596",2010,15048.97,49280,309327143,93.7,7058.2,"Commercial",430.8,"Waste",183.1
"597",2011,15599.73,50050,311583481,92.6,6907.2,"Commercial",425.5,"Energy",5783.7
"598",2011,15599.73,50050,311583481,92.6,6907.2,"Commercial",425.5,"Industrial Processes and Product Use",367
"599",2011,15599.73,50050,311583481,92.6,6907.2,"Commercial",425.5,"Agriculture",582.4
"600",2011,15599.73,50050,311583481,92.6,6907.2,"Commercial",425.5,"Waste",174.1
"601",2012,16253.97,51020,313877662,90.8,6670.5,"Commercial",406.4,"Energy",5564.1
"602",2012,16253.97,51020,313877662,90.8,6670.5,"Commercial",406.4,"Industrial Processes and Product Use",357.2
"603",2012,16253.97,51020,313877662,90.8,6670.5,"Commercial",406.4,"Agriculture",572.6
"604",2012,16253.97,51020,313877662,90.8,6670.5,"Commercial",406.4,"Waste",176.6
"605",2013,16880.68,53590,316059947,89.3,6841.7,"Commercial",429.2,"Energy",5714.1
"606",2013,16880.68,53590,316059947,89.3,6841.7,"Commercial",429.2,"Industrial Processes and Product Use",357.2
"607",2013,16880.68,53590,316059947,89.3,6841.7,"Commercial",429.2,"Agriculture",597.5
"608",2013,16880.68,53590,316059947,89.3,6841.7,"Commercial",429.2,"Waste",172.8
"609",2014,17608.14,53660,318386329,87.7,6898.5,"Commercial",439.4,"Energy",5754.1
"610",2014,17608.14,53660,318386329,87.7,6898.5,"Commercial",439.4,"Industrial Processes and Product Use",368.7
"611",2014,17608.14,53660,318386329,87.7,6898.5,"Commercial",439.4,"Agriculture",603
"612",2014,17608.14,53660,318386329,87.7,6898.5,"Commercial",439.4,"Waste",172.7
"613",2015,18295.02,56520,320738994,89.8,6737.4,"Commercial",451.7,"Energy",5596.8
"614",2015,18295.02,56520,320738994,89.8,6737.4,"Commercial",451.7,"Industrial Processes and Product Use",363.9
"615",2015,18295.02,56520,320738994,89.8,6737.4,"Commercial",451.7,"Agriculture",604.9
"616",2015,18295.02,56520,320738994,89.8,6737.4,"Commercial",451.7,"Waste",171.7
"617",2016,18804.91,59040,323071755,92,6578.4,"Commercial",435.5,"Energy",5450.8
"618",2016,18804.91,59040,323071755,92,6578.4,"Commercial",435.5,"Industrial Processes and Product Use",357.6
"619",2016,18804.91,59040,323071755,92,6578.4,"Commercial",435.5,"Agriculture",601.8
"620",2016,18804.91,59040,323071755,92,6578.4,"Commercial",435.5,"Waste",168.3
"621",2017,19612.1,61140,325122128,93.6,6561.8,"Commercial",437.6,"Energy",5418.7
"622",2017,19612.1,61140,325122128,93.6,6561.8,"Commercial",437.6,"Industrial Processes and Product Use",359.1
"623",2017,19612.1,61140,325122128,93.6,6561.8,"Commercial",437.6,"Agriculture",613.1
"624",2017,19612.1,61140,325122128,93.6,6561.8,"Commercial",437.6,"Waste",170.9
"625",2018,20656.52,63180,326838199,94.4,6754.8,"Commercial",453.7,"Energy",5589.5
"626",2018,20656.52,63180,326838199,94.4,6754.8,"Commercial",453.7,"Industrial Processes and Product Use",362.2
"627",2018,20656.52,63180,326838199,94.4,6754.8,"Commercial",453.7,"Agriculture",629.5
"628",2018,20656.52,63180,326838199,94.4,6754.8,"Commercial",453.7,"Waste",173.7
"629",2019,21322.95,68700,328329953,94.8,6617.9,"Commercial",462,"Energy",5460.6
"630",2019,21322.95,68700,328329953,94.8,6617.9,"Commercial",462,"Industrial Processes and Product Use",366.8
"631",2019,21322.95,68700,328329953,94.8,6617.9,"Commercial",462,"Agriculture",614.5
"632",2019,21322.95,68700,328329953,94.8,6617.9,"Commercial",462,"Waste",176
"633",2020,21521.4,68010,331511512,94.4,6026,"Commercial",436,"Energy",4894
"634",2020,21521.4,68010,331511512,94.4,6026,"Commercial",436,"Industrial Processes and Product Use",363.2
"635",2020,21521.4,68010,331511512,94.4,6026,"Commercial",436,"Agriculture",597.3
"636",2020,21521.4,68010,331511512,94.4,6026,"Commercial",436,"Waste",171.5
"637",2021,23594.03,70780,332031554,93.6,6340.2,"Commercial",439.2,"Energy",5196.6
"638",2021,23594.03,70780,332031554,93.6,6340.2,"Commercial",439.2,"Industrial Processes and Product Use",376.4
"639",2021,23594.03,70780,332031554,93.6,6340.2,"Commercial",439.2,"Agriculture",598.1
"640",2021,23594.03,70780,332031554,93.6,6340.2,"Commercial",439.2,"Waste",169.2
"641",1990,5963.14,29940,249464396,99.3,6487.3,"Residential",345.6,"Energy",5368
"642",1990,5963.14,29940,249464396,99.3,6487.3,"Residential",345.6,"Industrial Processes and Product Use",335.4
"643",1990,5963.14,29940,249464396,99.3,6487.3,"Residential",345.6,"Agriculture",548
"644",1990,5963.14,29940,249464396,99.3,6487.3,"Residential",345.6,"Waste",236
"645",1991,6158.13,30130,252153092,99.4,6418.4,"Residential",355.3,"Energy",5321
"646",1991,6158.13,30130,252153092,99.4,6418.4,"Residential",355.3,"Industrial Processes and Product Use",317.3
"647",1991,6158.13,30130,252153092,99.4,6418.4,"Residential",355.3,"Agriculture",540.7
"648",1991,6158.13,30130,252153092,99.4,6418.4,"Residential",355.3,"Waste",239.3
"649",1992,6520.33,30640,255029699,100.1,6534.9,"Residential",361.8,"Energy",5428.4
"650",1992,6520.33,30640,255029699,100.1,6534.9,"Residential",361.8,"Industrial Processes and Product Use",322.8
"651",1992,6520.33,30640,255029699,100.1,6534.9,"Residential",361.8,"Agriculture",543.7
"652",1992,6520.33,30640,255029699,100.1,6534.9,"Residential",361.8,"Waste",239.9
"653",1993,6858.56,31240,257782608,100.9,6639.5,"Residential",373.1,"Energy",5517.5
"654",1993,6858.56,31240,257782608,100.9,6639.5,"Residential",373.1,"Industrial Processes and Product Use",322.2
"655",1993,6858.56,31240,257782608,100.9,6639.5,"Residential",373.1,"Agriculture",561.7
"656",1993,6858.56,31240,257782608,100.9,6639.5,"Residential",373.1,"Waste",238.1
"657",1994,7287.24,32260,260327021,101.7,6745.2,"Residential",363.8,"Energy",5606.3
"658",1994,7287.24,32260,260327021,101.7,6745.2,"Residential",363.8,"Industrial Processes and Product Use",333.9
"659",1994,7287.24,32260,260327021,101.7,6745.2,"Residential",363.8,"Agriculture",566.2
"660",1994,7287.24,32260,260327021,101.7,6745.2,"Residential",363.8,"Waste",238.8
"661",1995,7639.75,34080,262803276,103.3,6821.9,"Residential",367.3,"Energy",5653.8
"662",1995,7639.75,34080,262803276,103.3,6821.9,"Residential",367.3,"Industrial Processes and Product Use",362.3
"663",1995,7639.75,34080,262803276,103.3,6821.9,"Residential",367.3,"Agriculture",572.2
"664",1995,7639.75,34080,262803276,103.3,6821.9,"Residential",367.3,"Waste",233.6
"665",1996,8073.12,35490,265228572,103.8,7023.5,"Residential",399.1,"Energy",5841.7
"666",1996,8073.12,35490,265228572,103.8,7023.5,"Residential",399.1,"Industrial Processes and Product Use",374.1
"667",1996,8073.12,35490,265228572,103.8,7023.5,"Residential",399.1,"Agriculture",577.5
"668",1996,8073.12,35490,265228572,103.8,7023.5,"Residential",399.1,"Waste",230.2
"669",1997,8577.55,37010,267783607,101.2,7079.2,"Residential",380.4,"Energy",5912.7
"670",1997,8577.55,37010,267783607,101.2,7079.2,"Residential",380.4,"Industrial Processes and Product Use",379.7
"671",1997,8577.55,37010,267783607,101.2,7079.2,"Residential",380.4,"Agriculture",566.8
"672",1997,8577.55,37010,267783607,101.2,7079.2,"Residential",380.4,"Waste",220
"673",1998,9062.82,38890,270248003,99.5,7124.7,"Residential",346.5,"Energy",5953.6
"674",1998,9062.82,38890,270248003,99.5,7124.7,"Residential",346.5,"Industrial Processes and Product Use",386.1
"675",1998,9062.82,38890,270248003,99.5,7124.7,"Residential",346.5,"Agriculture",575
"676",1998,9062.82,38890,270248003,99.5,7124.7,"Residential",346.5,"Waste",210
"677",1999,9631.17,40700,272690813,98.5,7169.9,"Residential",366.3,"Energy",6012.1
"678",1999,9631.17,40700,272690813,98.5,7169.9,"Residential",366.3,"Industrial Processes and Product Use",382.4
"679",1999,9631.17,40700,272690813,98.5,7169.9,"Residential",366.3,"Agriculture",571.7
"680",1999,9631.17,40700,272690813,98.5,7169.9,"Residential",366.3,"Waste",203.6
"681",2000,10250.95,41990,282162411,98,7369.2,"Residential",387.6,"Energy",6222.8
"682",2000,10250.95,41990,282162411,98,7369.2,"Residential",387.6,"Industrial Processes and Product Use",381
"683",2000,10250.95,41990,282162411,98,7369.2,"Residential",387.6,"Agriculture",565
"684",2000,10250.95,41990,282162411,98,7369.2,"Residential",387.6,"Waste",200.4
"685",2001,10581.93,42230,284968955,97.3,7253.5,"Residential",377.8,"Energy",6139.4
"686",2001,10581.93,42230,284968955,97.3,7253.5,"Residential",377.8,"Industrial Processes and Product Use",345.9
"687",2001,10581.93,42230,284968955,97.3,7253.5,"Residential",377.8,"Agriculture",573.1
"688",2001,10581.93,42230,284968955,97.3,7253.5,"Residential",377.8,"Waste",195.1
"689",2002,10929.11,42410,287625193,96.7,7293.3,"Residential",375.1,"Energy",6168.1
"690",2002,10929.11,42410,287625193,96.7,7293.3,"Residential",375.1,"Industrial Processes and Product Use",354
"691",2002,10929.11,42410,287625193,96.7,7293.3,"Residential",375.1,"Agriculture",577.2
"692",2002,10929.11,42410,287625193,96.7,7293.3,"Residential",375.1,"Waste",194
"693",2003,11456.45,43320,290107933,96.1,7352.7,"Residential",393.7,"Energy",6236.9
"694",2003,11456.45,43320,290107933,96.1,7352.7,"Residential",393.7,"Industrial Processes and Product Use",342.1
"695",2003,11456.45,43320,290107933,96.1,7352.7,"Residential",393.7,"Agriculture",576.7
"696",2003,11456.45,43320,290107933,96.1,7352.7,"Residential",393.7,"Waste",197
"697",2004,12217.2,44330,292805298,94.9,7464.4,"Residential",381.9,"Energy",6335.1
"698",2004,12217.2,44330,292805298,94.9,7464.4,"Residential",381.9,"Industrial Processes and Product Use",355.2
"699",2004,12217.2,44330,292805298,94.9,7464.4,"Residential",381.9,"Agriculture",579.4
"700",2004,12217.2,44330,292805298,94.9,7464.4,"Residential",381.9,"Waste",194.7
"701",2005,13039.2,46330,295516599,95.8,7477.4,"Residential",371.2,"Energy",6351.5
"702",2005,13039.2,46330,295516599,95.8,7477.4,"Residential",371.2,"Industrial Processes and Product Use",356.1
"703",2005,13039.2,46330,295516599,95.8,7477.4,"Residential",371.2,"Agriculture",577.7
"704",2005,13039.2,46330,295516599,95.8,7477.4,"Residential",371.2,"Waste",192.1
"705",2006,13815.58,48200,298379912,97.1,7407.9,"Residential",334.4,"Energy",6277.9
"706",2006,13815.58,48200,298379912,97.1,7407.9,"Residential",334.4,"Industrial Processes and Product Use",365.3
"707",2006,13815.58,48200,298379912,97.1,7407.9,"Residential",334.4,"Agriculture",574.7
"708",2006,13815.58,48200,298379912,97.1,7407.9,"Residential",334.4,"Waste",190
"709",2007,14474.23,50230,301231207,97,7511.4,"Residential",355.3,"Energy",6347.9
"710",2007,14474.23,50230,301231207,97,7511.4,"Residential",355.3,"Industrial Processes and Product Use",381.7
"711",2007,14474.23,50230,301231207,97,7511.4,"Residential",355.3,"Agriculture",594
"712",2007,14474.23,50230,301231207,97,7511.4,"Residential",355.3,"Waste",187.7
"713",2008,14478.07,50300,304093966,96.7,7294.5,"Residential",363.8,"Energy",6162.9
"714",2008,14478.07,50300,304093966,96.7,7294.5,"Residential",363.8,"Industrial Processes and Product Use",360.2
"715",2008,14478.07,50300,304093966,96.7,7294.5,"Residential",363.8,"Agriculture",586.2
"716",2008,14478.07,50300,304093966,96.7,7294.5,"Residential",363.8,"Waste",185.3
"717",2009,14769.86,49780,306771529,94.5,6840.7,"Residential",354.4,"Energy",5760
"718",2009,14769.86,49780,306771529,94.5,6840.7,"Residential",354.4,"Industrial Processes and Product Use",312.9
"719",2009,14769.86,49780,306771529,94.5,6840.7,"Residential",354.4,"Agriculture",585.7
"720",2009,14769.86,49780,306771529,94.5,6840.7,"Residential",354.4,"Waste",182.1
"721",2010,15048.97,49280,309327143,93.7,7058.2,"Residential",355.2,"Energy",5932.1
"722",2010,15048.97,49280,309327143,93.7,7058.2,"Residential",355.2,"Industrial Processes and Product Use",352
"723",2010,15048.97,49280,309327143,93.7,7058.2,"Residential",355.2,"Agriculture",591
"724",2010,15048.97,49280,309327143,93.7,7058.2,"Residential",355.2,"Waste",183.1
"725",2011,15599.73,50050,311583481,92.6,6907.2,"Residential",348.6,"Energy",5783.7
"726",2011,15599.73,50050,311583481,92.6,6907.2,"Residential",348.6,"Industrial Processes and Product Use",367
"727",2011,15599.73,50050,311583481,92.6,6907.2,"Residential",348.6,"Agriculture",582.4
"728",2011,15599.73,50050,311583481,92.6,6907.2,"Residential",348.6,"Waste",174.1
"729",2012,16253.97,51020,313877662,90.8,6670.5,"Residential",306.2,"Energy",5564.1
"730",2012,16253.97,51020,313877662,90.8,6670.5,"Residential",306.2,"Industrial Processes and Product Use",357.2
"731",2012,16253.97,51020,313877662,90.8,6670.5,"Residential",306.2,"Agriculture",572.6
"732",2012,16253.97,51020,313877662,90.8,6670.5,"Residential",306.2,"Waste",176.6
"733",2013,16880.68,53590,316059947,89.3,6841.7,"Residential",356.9,"Energy",5714.1
"734",2013,16880.68,53590,316059947,89.3,6841.7,"Residential",356.9,"Industrial Processes and Product Use",357.2
"735",2013,16880.68,53590,316059947,89.3,6841.7,"Residential",356.9,"Agriculture",597.5
"736",2013,16880.68,53590,316059947,89.3,6841.7,"Residential",356.9,"Waste",172.8
"737",2014,17608.14,53660,318386329,87.7,6898.5,"Residential",377.3,"Energy",5754.1
"738",2014,17608.14,53660,318386329,87.7,6898.5,"Residential",377.3,"Industrial Processes and Product Use",368.7
"739",2014,17608.14,53660,318386329,87.7,6898.5,"Residential",377.3,"Agriculture",603
"740",2014,17608.14,53660,318386329,87.7,6898.5,"Residential",377.3,"Waste",172.7
"741",2015,18295.02,56520,320738994,89.8,6737.4,"Residential",350.2,"Energy",5596.8
"742",2015,18295.02,56520,320738994,89.8,6737.4,"Residential",350.2,"Industrial Processes and Product Use",363.9
"743",2015,18295.02,56520,320738994,89.8,6737.4,"Residential",350.2,"Agriculture",604.9
"744",2015,18295.02,56520,320738994,89.8,6737.4,"Residential",350.2,"Waste",171.7
"745",2016,18804.91,59040,323071755,92,6578.4,"Residential",326.4,"Energy",5450.8
"746",2016,18804.91,59040,323071755,92,6578.4,"Residential",326.4,"Industrial Processes and Product Use",357.6
"747",2016,18804.91,59040,323071755,92,6578.4,"Residential",326.4,"Agriculture",601.8
"748",2016,18804.91,59040,323071755,92,6578.4,"Residential",326.4,"Waste",168.3
"749",2017,19612.1,61140,325122128,93.6,6561.8,"Residential",328.4,"Energy",5418.7
"750",2017,19612.1,61140,325122128,93.6,6561.8,"Residential",328.4,"Industrial Processes and Product Use",359.1
"751",2017,19612.1,61140,325122128,93.6,6561.8,"Residential",328.4,"Agriculture",613.1
"752",2017,19612.1,61140,325122128,93.6,6561.8,"Residential",328.4,"Waste",170.9
"753",2018,20656.52,63180,326838199,94.4,6754.8,"Residential",375.8,"Energy",5589.5
"754",2018,20656.52,63180,326838199,94.4,6754.8,"Residential",375.8,"Industrial Processes and Product Use",362.2
"755",2018,20656.52,63180,326838199,94.4,6754.8,"Residential",375.8,"Agriculture",629.5
"756",2018,20656.52,63180,326838199,94.4,6754.8,"Residential",375.8,"Waste",173.7
"757",2019,21322.95,68700,328329953,94.8,6617.9,"Residential",382.4,"Energy",5460.6
"758",2019,21322.95,68700,328329953,94.8,6617.9,"Residential",382.4,"Industrial Processes and Product Use",366.8
"759",2019,21322.95,68700,328329953,94.8,6617.9,"Residential",382.4,"Agriculture",614.5
"760",2019,21322.95,68700,328329953,94.8,6617.9,"Residential",382.4,"Waste",176
"761",2020,21521.4,68010,331511512,94.4,6026,"Residential",356.9,"Energy",4894
"762",2020,21521.4,68010,331511512,94.4,6026,"Residential",356.9,"Industrial Processes and Product Use",363.2
"763",2020,21521.4,68010,331511512,94.4,6026,"Residential",356.9,"Agriculture",597.3
"764",2020,21521.4,68010,331511512,94.4,6026,"Residential",356.9,"Waste",171.5
"765",2021,23594.03,70780,332031554,93.6,6340.2,"Residential",365.6,"Energy",5196.6
"766",2021,23594.03,70780,332031554,93.6,6340.2,"Residential",365.6,"Industrial Processes and Product Use",376.4
"767",2021,23594.03,70780,332031554,93.6,6340.2,"Residential",365.6,"Agriculture",598.1
"768",2021,23594.03,70780,332031554,93.6,6340.2,"Residential",365.6,"Waste",169.2
"769",1990,5963.14,29940,249464396,99.3,6487.3,"U.S. Territories",23.4,"Energy",5368
"770",1990,5963.14,29940,249464396,99.3,6487.3,"U.S. Territories",23.4,"Industrial Processes and Product Use",335.4
"771",1990,5963.14,29940,249464396,99.3,6487.3,"U.S. Territories",23.4,"Agriculture",548
"772",1990,5963.14,29940,249464396,99.3,6487.3,"U.S. Territories",23.4,"Waste",236
"773",1991,6158.13,30130,252153092,99.4,6418.4,"U.S. Territories",23.5,"Energy",5321
"774",1991,6158.13,30130,252153092,99.4,6418.4,"U.S. Territories",23.5,"Industrial Processes and Product Use",317.3
"775",1991,6158.13,30130,252153092,99.4,6418.4,"U.S. Territories",23.5,"Agriculture",540.7
"776",1991,6158.13,30130,252153092,99.4,6418.4,"U.S. Territories",23.5,"Waste",239.3
"777",1992,6520.33,30640,255029699,100.1,6534.9,"U.S. Territories",24.4,"Energy",5428.4
"778",1992,6520.33,30640,255029699,100.1,6534.9,"U.S. Territories",24.4,"Industrial Processes and Product Use",322.8
"779",1992,6520.33,30640,255029699,100.1,6534.9,"U.S. Territories",24.4,"Agriculture",543.7
"780",1992,6520.33,30640,255029699,100.1,6534.9,"U.S. Territories",24.4,"Waste",239.9
"781",1993,6858.56,31240,257782608,100.9,6639.5,"U.S. Territories",25.3,"Energy",5517.5
"782",1993,6858.56,31240,257782608,100.9,6639.5,"U.S. Territories",25.3,"Industrial Processes and Product Use",322.2
"783",1993,6858.56,31240,257782608,100.9,6639.5,"U.S. Territories",25.3,"Agriculture",561.7
"784",1993,6858.56,31240,257782608,100.9,6639.5,"U.S. Territories",25.3,"Waste",238.1
"785",1994,7287.24,32260,260327021,101.7,6745.2,"U.S. Territories",26.8,"Energy",5606.3
"786",1994,7287.24,32260,260327021,101.7,6745.2,"U.S. Territories",26.8,"Industrial Processes and Product Use",333.9
"787",1994,7287.24,32260,260327021,101.7,6745.2,"U.S. Territories",26.8,"Agriculture",566.2
"788",1994,7287.24,32260,260327021,101.7,6745.2,"U.S. Territories",26.8,"Waste",238.8
"789",1995,7639.75,34080,262803276,103.3,6821.9,"U.S. Territories",25.3,"Energy",5653.8
"790",1995,7639.75,34080,262803276,103.3,6821.9,"U.S. Territories",25.3,"Industrial Processes and Product Use",362.3
"791",1995,7639.75,34080,262803276,103.3,6821.9,"U.S. Territories",25.3,"Agriculture",572.2
"792",1995,7639.75,34080,262803276,103.3,6821.9,"U.S. Territories",25.3,"Waste",233.6
"793",1996,8073.12,35490,265228572,103.8,7023.5,"U.S. Territories",24.7,"Energy",5841.7
"794",1996,8073.12,35490,265228572,103.8,7023.5,"U.S. Territories",24.7,"Industrial Processes and Product Use",374.1
"795",1996,8073.12,35490,265228572,103.8,7023.5,"U.S. Territories",24.7,"Agriculture",577.5
"796",1996,8073.12,35490,265228572,103.8,7023.5,"U.S. Territories",24.7,"Waste",230.2
"797",1997,8577.55,37010,267783607,101.2,7079.2,"U.S. Territories",25.3,"Energy",5912.7
"798",1997,8577.55,37010,267783607,101.2,7079.2,"U.S. Territories",25.3,"Industrial Processes and Product Use",379.7
"799",1997,8577.55,37010,267783607,101.2,7079.2,"U.S. Territories",25.3,"Agriculture",566.8
"800",1997,8577.55,37010,267783607,101.2,7079.2,"U.S. Territories",25.3,"Waste",220
"801",1998,9062.82,38890,270248003,99.5,7124.7,"U.S. Territories",24.6,"Energy",5953.6
"802",1998,9062.82,38890,270248003,99.5,7124.7,"U.S. Territories",24.6,"Industrial Processes and Product Use",386.1
"803",1998,9062.82,38890,270248003,99.5,7124.7,"U.S. Territories",24.6,"Agriculture",575
"804",1998,9062.82,38890,270248003,99.5,7124.7,"U.S. Territories",24.6,"Waste",210
"805",1999,9631.17,40700,272690813,98.5,7169.9,"U.S. Territories",24.5,"Energy",6012.1
"806",1999,9631.17,40700,272690813,98.5,7169.9,"U.S. Territories",24.5,"Industrial Processes and Product Use",382.4
"807",1999,9631.17,40700,272690813,98.5,7169.9,"U.S. Territories",24.5,"Agriculture",571.7
"808",1999,9631.17,40700,272690813,98.5,7169.9,"U.S. Territories",24.5,"Waste",203.6
"809",2000,10250.95,41990,282162411,98,7369.2,"U.S. Territories",46.5,"Energy",6222.8
"810",2000,10250.95,41990,282162411,98,7369.2,"U.S. Territories",46.5,"Industrial Processes and Product Use",381
"811",2000,10250.95,41990,282162411,98,7369.2,"U.S. Territories",46.5,"Agriculture",565
"812",2000,10250.95,41990,282162411,98,7369.2,"U.S. Territories",46.5,"Waste",200.4
"813",2001,10581.93,42230,284968955,97.3,7253.5,"U.S. Territories",55.5,"Energy",6139.4
"814",2001,10581.93,42230,284968955,97.3,7253.5,"U.S. Territories",55.5,"Industrial Processes and Product Use",345.9
"815",2001,10581.93,42230,284968955,97.3,7253.5,"U.S. Territories",55.5,"Agriculture",573.1
"816",2001,10581.93,42230,284968955,97.3,7253.5,"U.S. Territories",55.5,"Waste",195.1
"817",2002,10929.11,42410,287625193,96.7,7293.3,"U.S. Territories",54.6,"Energy",6168.1
"818",2002,10929.11,42410,287625193,96.7,7293.3,"U.S. Territories",54.6,"Industrial Processes and Product Use",354
"819",2002,10929.11,42410,287625193,96.7,7293.3,"U.S. Territories",54.6,"Agriculture",577.2
"820",2002,10929.11,42410,287625193,96.7,7293.3,"U.S. Territories",54.6,"Waste",194
"821",2003,11456.45,43320,290107933,96.1,7352.7,"U.S. Territories",58.5,"Energy",6236.9
"822",2003,11456.45,43320,290107933,96.1,7352.7,"U.S. Territories",58.5,"Industrial Processes and Product Use",342.1
"823",2003,11456.45,43320,290107933,96.1,7352.7,"U.S. Territories",58.5,"Agriculture",576.7
"824",2003,11456.45,43320,290107933,96.1,7352.7,"U.S. Territories",58.5,"Waste",197
"825",2004,12217.2,44330,292805298,94.9,7464.4,"U.S. Territories",60.6,"Energy",6335.1
"826",2004,12217.2,44330,292805298,94.9,7464.4,"U.S. Territories",60.6,"Industrial Processes and Product Use",355.2
"827",2004,12217.2,44330,292805298,94.9,7464.4,"U.S. Territories",60.6,"Agriculture",579.4
"828",2004,12217.2,44330,292805298,94.9,7464.4,"U.S. Territories",60.6,"Waste",194.7
"829",2005,13039.2,46330,295516599,95.8,7477.4,"U.S. Territories",59.7,"Energy",6351.5
"830",2005,13039.2,46330,295516599,95.8,7477.4,"U.S. Territories",59.7,"Industrial Processes and Product Use",356.1
"831",2005,13039.2,46330,295516599,95.8,7477.4,"U.S. Territories",59.7,"Agriculture",577.7
"832",2005,13039.2,46330,295516599,95.8,7477.4,"U.S. Territories",59.7,"Waste",192.1
"833",2006,13815.58,48200,298379912,97.1,7407.9,"U.S. Territories",58,"Energy",6277.9
"834",2006,13815.58,48200,298379912,97.1,7407.9,"U.S. Territories",58,"Industrial Processes and Product Use",365.3
"835",2006,13815.58,48200,298379912,97.1,7407.9,"U.S. Territories",58,"Agriculture",574.7
"836",2006,13815.58,48200,298379912,97.1,7407.9,"U.S. Territories",58,"Waste",190
"837",2007,14474.23,50230,301231207,97,7511.4,"U.S. Territories",54.2,"Energy",6347.9
"838",2007,14474.23,50230,301231207,97,7511.4,"U.S. Territories",54.2,"Industrial Processes and Product Use",381.7
"839",2007,14474.23,50230,301231207,97,7511.4,"U.S. Territories",54.2,"Agriculture",594
"840",2007,14474.23,50230,301231207,97,7511.4,"U.S. Territories",54.2,"Waste",187.7
"841",2008,14478.07,50300,304093966,96.7,7294.5,"U.S. Territories",43.8,"Energy",6162.9
"842",2008,14478.07,50300,304093966,96.7,7294.5,"U.S. Territories",43.8,"Industrial Processes and Product Use",360.2
"843",2008,14478.07,50300,304093966,96.7,7294.5,"U.S. Territories",43.8,"Agriculture",586.2
"844",2008,14478.07,50300,304093966,96.7,7294.5,"U.S. Territories",43.8,"Waste",185.3
"845",2009,14769.86,49780,306771529,94.5,6840.7,"U.S. Territories",41.8,"Energy",5760
"846",2009,14769.86,49780,306771529,94.5,6840.7,"U.S. Territories",41.8,"Industrial Processes and Product Use",312.9
"847",2009,14769.86,49780,306771529,94.5,6840.7,"U.S. Territories",41.8,"Agriculture",585.7
"848",2009,14769.86,49780,306771529,94.5,6840.7,"U.S. Territories",41.8,"Waste",182.1
"849",2010,15048.97,49280,309327143,93.7,7058.2,"U.S. Territories",36.5,"Energy",5932.1
"850",2010,15048.97,49280,309327143,93.7,7058.2,"U.S. Territories",36.5,"Industrial Processes and Product Use",352
"851",2010,15048.97,49280,309327143,93.7,7058.2,"U.S. Territories",36.5,"Agriculture",591
"852",2010,15048.97,49280,309327143,93.7,7058.2,"U.S. Territories",36.5,"Waste",183.1
"853",2011,15599.73,50050,311583481,92.6,6907.2,"U.S. Territories",35.2,"Energy",5783.7
"854",2011,15599.73,50050,311583481,92.6,6907.2,"U.S. Territories",35.2,"Industrial Processes and Product Use",367
"855",2011,15599.73,50050,311583481,92.6,6907.2,"U.S. Territories",35.2,"Agriculture",582.4
"856",2011,15599.73,50050,311583481,92.6,6907.2,"U.S. Territories",35.2,"Waste",174.1
"857",2012,16253.97,51020,313877662,90.8,6670.5,"U.S. Territories",34.2,"Energy",5564.1
"858",2012,16253.97,51020,313877662,90.8,6670.5,"U.S. Territories",34.2,"Industrial Processes and Product Use",357.2
"859",2012,16253.97,51020,313877662,90.8,6670.5,"U.S. Territories",34.2,"Agriculture",572.6
"860",2012,16253.97,51020,313877662,90.8,6670.5,"U.S. Territories",34.2,"Waste",176.6
"861",2013,16880.68,53590,316059947,89.3,6841.7,"U.S. Territories",28.9,"Energy",5714.1
"862",2013,16880.68,53590,316059947,89.3,6841.7,"U.S. Territories",28.9,"Industrial Processes and Product Use",357.2
"863",2013,16880.68,53590,316059947,89.3,6841.7,"U.S. Territories",28.9,"Agriculture",597.5
"864",2013,16880.68,53590,316059947,89.3,6841.7,"U.S. Territories",28.9,"Waste",172.8
"865",2014,17608.14,53660,318386329,87.7,6898.5,"U.S. Territories",29.1,"Energy",5754.1
"866",2014,17608.14,53660,318386329,87.7,6898.5,"U.S. Territories",29.1,"Industrial Processes and Product Use",368.7
"867",2014,17608.14,53660,318386329,87.7,6898.5,"U.S. Territories",29.1,"Agriculture",603
"868",2014,17608.14,53660,318386329,87.7,6898.5,"U.S. Territories",29.1,"Waste",172.7
"869",2015,18295.02,56520,320738994,89.8,6737.4,"U.S. Territories",29.3,"Energy",5596.8
"870",2015,18295.02,56520,320738994,89.8,6737.4,"U.S. Territories",29.3,"Industrial Processes and Product Use",363.9
"871",2015,18295.02,56520,320738994,89.8,6737.4,"U.S. Territories",29.3,"Agriculture",604.9
"872",2015,18295.02,56520,320738994,89.8,6737.4,"U.S. Territories",29.3,"Waste",171.7
"873",2016,18804.91,59040,323071755,92,6578.4,"U.S. Territories",27,"Energy",5450.8
"874",2016,18804.91,59040,323071755,92,6578.4,"U.S. Territories",27,"Industrial Processes and Product Use",357.6
"875",2016,18804.91,59040,323071755,92,6578.4,"U.S. Territories",27,"Agriculture",601.8
"876",2016,18804.91,59040,323071755,92,6578.4,"U.S. Territories",27,"Waste",168.3
"877",2017,19612.1,61140,325122128,93.6,6561.8,"U.S. Territories",26.3,"Energy",5418.7
"878",2017,19612.1,61140,325122128,93.6,6561.8,"U.S. Territories",26.3,"Industrial Processes and Product Use",359.1
"879",2017,19612.1,61140,325122128,93.6,6561.8,"U.S. Territories",26.3,"Agriculture",613.1
"880",2017,19612.1,61140,325122128,93.6,6561.8,"U.S. Territories",26.3,"Waste",170.9
"881",2018,20656.52,63180,326838199,94.4,6754.8,"U.S. Territories",26.3,"Energy",5589.5
"882",2018,20656.52,63180,326838199,94.4,6754.8,"U.S. Territories",26.3,"Industrial Processes and Product Use",362.2
"883",2018,20656.52,63180,326838199,94.4,6754.8,"U.S. Territories",26.3,"Agriculture",629.5
"884",2018,20656.52,63180,326838199,94.4,6754.8,"U.S. Territories",26.3,"Waste",173.7
"885",2019,21322.95,68700,328329953,94.8,6617.9,"U.S. Territories",25.1,"Energy",5460.6
"886",2019,21322.95,68700,328329953,94.8,6617.9,"U.S. Territories",25.1,"Industrial Processes and Product Use",366.8
"887",2019,21322.95,68700,328329953,94.8,6617.9,"U.S. Territories",25.1,"Agriculture",614.5
"888",2019,21322.95,68700,328329953,94.8,6617.9,"U.S. Territories",25.1,"Waste",176
"889",2020,21521.4,68010,331511512,94.4,6026,"U.S. Territories",23.6,"Energy",4894
"890",2020,21521.4,68010,331511512,94.4,6026,"U.S. Territories",23.6,"Industrial Processes and Product Use",363.2
"891",2020,21521.4,68010,331511512,94.4,6026,"U.S. Territories",23.6,"Agriculture",597.3
"892",2020,21521.4,68010,331511512,94.4,6026,"U.S. Territories",23.6,"Waste",171.5
"893",2021,23594.03,70780,332031554,93.6,6340.2,"U.S. Territories",24.1,"Energy",5196.6
"894",2021,23594.03,70780,332031554,93.6,6340.2,"U.S. Territories",24.1,"Industrial Processes and Product Use",376.4
"895",2021,23594.03,70780,332031554,93.6,6340.2,"U.S. Territories",24.1,"Agriculture",598.1
"896",2021,23594.03,70780,332031554,93.6,6340.2,"U.S. Territories",24.1,"Waste",169.2
